id,internet_package
003500M7Q93CKG2je2,Fibe 500
003500339Kgli7N5t9,Fibe 500
003500oS7XRqSuGyQ2,Gigabit Fibe 1.5
0035003Xgg2dDhmjRB,Fibe 500
003500Sr76b5k8V6n7,Gigabit Fibe 1
00350013N3k4H5ICng,Fibe 500
003500RaRoz9F7h0E1,Gigabit Fibe 1.5
003500BGQMu6tBvkBO,Gigabit Fibe 1.5
0035005L9L6il5M069,Fibe 500
0035008rcy57yumuP2,Gigabit Fibe 1
0035000L19GUIxvc3Y,Gigabit Fibe 1
0035003O1qhXg6R870,Gigabit Fibe 1
0035009iCQ14Zd8Ehu,Gigabit Fibe 1
003500N4AR9YgXz1bd,Gigabit Fibe 1
003500GOojWHIn4EOl,Fibe 500
0035008aXB7XKrPmP8,Fibe 500
003500gR8c9C6IMXj2,Fibe 500
003500uK0PAjW9keUp,Gigabit Fibe 1.5
003500flk1N8d59J8O,Gigabit Fibe 1.5
0035005I6K3T3mFmtY,Gigabit Fibe 1.5
003500OvvjQA6saV20,Gigabit Fibe 1.5
00350098040043zVN8,Fibe 500
003500F00np6ZIczKh,Fibe 500
003500l3hW3o8G14uW,Fibe 500
0035006Az5dq9S8h11,Gigabit Fibe 1.5
003500Y8z340Bu22bm,Fibe 500
003500oNdm26460Oh6,Gigabit Fibe 1.5
003500ydrQ42clsNBt,Gigabit Fibe 1.5
00350077Tns52dd504,Fibe 500
003500lVp9KJ4vFDvM,Gigabit Fibe 1.5
003500Q1THpJI1q4od,Gigabit Fibe 1.5
003500U5s4v0k5M6zQ,Fibe 500
0035009vArDME34yjO,Fibe 500
003500I2JVj0e32rc6,Fibe 500
0035006hLm2gnw9qBc,Gigabit Fibe 1.5
0035006305els4r2Oa,Fibe 500
003500uDsG2WCYNs3s,Gigabit Fibe 1
0035009y2VpvfwX5xX,Fibe 500
003500Nl3uv4dHh9p9,Gigabit Fibe 1.5
003500R71ql360rQB1,Gigabit Fibe 1.5
00350040xG4s8O0d97,Gigabit Fibe 1
003500Dx5pB3939316,Fibe 500
003500683z71wcV98h,Gigabit Fibe 1.5
003500L2opLW35xtPz,Fibe 500
0035007Bo0aS32BJ45,Fibe 500
003500fOugv88VcV16,Fibe 500
0035008M0gEQ7tf84s,Fibe 500
0035009S5V0F83IWEj,Fibe 500
003500rT74o9UceN26,Gigabit Fibe 1.5
0035000TXz3w03I0LG,Fibe 500
00350092JBia5iO8KP,Fibe 500
003500TOi9xMNM5699,Gigabit Fibe 1.5
0035002LqcCzE3H31U,Gigabit Fibe 1.5
003500o7A9d4qPby31,Fibe 500
003500fTITU7DGb30k,Fibe 500
00350046v93XyUfh01,Fibe 500
003500j0yhN2s03RWS,Gigabit Fibe 1.5
003500VDN5i3NkoGOW,Fibe 500
003500scrhJs1HqjIE,Gigabit Fibe 1
003500h4JFxVwEiFD6,Gigabit Fibe 1
0035004a7wptJ4t96F,Gigabit Fibe 1.5
003500O0yRL1y9KvQD,Gigabit Fibe 1.5
0035001WqvubXH4X50,Gigabit Fibe 1.5
003500AsEpVJxOb9Qx,Gigabit Fibe 1.5
003500BDIa153NYoMD,Fibe 500
003500Q51kh2LVX65V,Fibe 500
0035004iivu1Gw2G33,Fibe 500
00350003aY7Gxy6S7z,Gigabit Fibe 1
003500cm9UM26A9bU8,Fibe 500
003500H6H2cdbS2fFZ,Fibe 500
0035007kk5SX58ZKOz,Gigabit Fibe 1
003500Cj39nTG7BZ71,Fibe 500
0035006fuL40B1Yyjb,Gigabit Fibe 1
003500uEoO3LAf359F,Gigabit Fibe 1.5
00350043o14C9clCly,Gigabit Fibe 1
003500FTtvKawXH41d,Fibe 500
0035003rdPYx78xOcI,Fibe 500
003500k0ao15ExTl4Y,Fibe 500
003500lWD831KRT2qt,Gigabit Fibe 1
003500s2n63T7422Tl,Fibe 500
0035000b1SfncoZGDd,Gigabit Fibe 1.5
003500QzsqP45hyRl2,Fibe 500
003500NoX143wc0nZi,Fibe 500
0035006m7mCVX2t9h7,Gigabit Fibe 1
0035005rpDObIEf7zh,Gigabit Fibe 1
003500BV5gQ6VBzYID,Gigabit Fibe 1
003500MJ8g855olhce,Gigabit Fibe 1.5
003500R2CFF8UZHKvG,Fibe 500
0035004P3qHJ2ETHz6,Fibe 500
0035003vwG00pU7KB6,Fibe 500
003500689QgUW52WUQ,Fibe 500
003500J2Zar50Y6xFU,Gigabit Fibe 1.5
003500w19O21j35cDi,Fibe 500
003500V5GBRYFcVCF0,Gigabit Fibe 1.5
003500vc1qylNjU7qb,Gigabit Fibe 1
003500w93ohrIAHe0h,Gigabit Fibe 1
0035007Crh77lA618P,Gigabit Fibe 1
003500vwV8UWK8BXF6,Fibe 500
0035007sh0XhWOc0uG,Gigabit Fibe 1
003500M2cE7oe9NFUZ,Fibe 500
003500LsE3WgES1STt,Fibe 500
003500rW0PlP1j33E3,Fibe 500
003500D07gx51e0w49,Gigabit Fibe 1
003500T425ag5q836N,Gigabit Fibe 1.5
00350080ILlZGJ22zK,Fibe 500
003500TQtpvoXQp1H3,Gigabit Fibe 1.5
003500IltcE351K71G,Gigabit Fibe 1.5
003500UVWe2t11d96D,Fibe 500
003500Ld4VTzDIuJi0,Gigabit Fibe 1
00350038x1Q83nA5l6,Gigabit Fibe 1.5
003500Ww4dl3Xu35f4,Fibe 500
003500oMXV4P569QRW,Gigabit Fibe 1.5
003500j7tuH99llaGq,Gigabit Fibe 1
003500I52Ck42S66hx,Fibe 500
0035001O5jYk1YJw65,Gigabit Fibe 1.5
003500m4O17tFf15dh,Fibe 500
003500Tmrdg1d8kEHS,Fibe 500
003500LN5eoSW0mFKe,Fibe 500
0035003Y7JEM54A8iT,Fibe 500
003500N85rmM1UV7gZ,Fibe 500
003500mbTQl0I7Ixw0,Fibe 500
0035007Z1fSX6Dk4rQ,Gigabit Fibe 1
003500k4v23wk1Rk8x,Gigabit Fibe 1
00350029JrN3Uh23RO,Gigabit Fibe 1.5
0035006Bp2tK6QXd25,Gigabit Fibe 1.5
0035006UA878E03l1A,Gigabit Fibe 1
003500BSC86k8J7g01,Fibe 500
003500Ad7GvPk53W3d,Fibe 500
003500e47qH2X3BBcW,Gigabit Fibe 1
003500Xk03D69LZun2,Fibe 500
003500yP5dn79m6urq,Fibe 500
003500u3xBl6Uw4L7m,Fibe 500
003500dxuF5cwjp07h,Gigabit Fibe 1
003500MC738MVUb81b,Gigabit Fibe 1.5
0035007zG2HV32Eh32,Gigabit Fibe 1
0035008IbR14se9TD9,Fibe 500
003500Vw9xrDldby32,Fibe 500
0035006DD2hq03LTUT,Gigabit Fibe 1
003500eslU3A7Fj7G3,Gigabit Fibe 1.5
00350084uo886DHrDb,Fibe 500
003500a42212d5W826,Gigabit Fibe 1.5
0035004yKP4zzWisjH,Gigabit Fibe 1.5
003500L3KvJ13l7YIS,Gigabit Fibe 1
003500JbbH76Od1Tea,Fibe 500
003500mMxW25G2R7QZ,Fibe 500
0035002aAowk63QeJO,Gigabit Fibe 1.5
003500P9pODuN0jwtI,Fibe 500
0035000tS8hz8AAlRg,Gigabit Fibe 1.5
003500MuNq358WbRs7,Gigabit Fibe 1
003500p6D3p0DWBa6O,Fibe 500
003500rbHRuu2zrAR2,Fibe 500
0035007d5ifYxgSYSh,Gigabit Fibe 1
003500tuUshz0KLxs9,Fibe 500
0035006nK6uUMMk0Dg,Gigabit Fibe 1
003500KQcx1XK81UIW,Fibe 500
003500N71o4owF86pt,Gigabit Fibe 1.5
0035008SZC9q6QjTdZ,Gigabit Fibe 1
003500v5o9O8C42L2q,Fibe 500
0035006D3IuA7O0fsS,Gigabit Fibe 1
003500Z9Z4H9vD1m07,Gigabit Fibe 1.5
003500yYfKRIdkZAwK,Fibe 500
003500q3th00hlURA0,Gigabit Fibe 1.5
0035006fDg6DFSm34e,Gigabit Fibe 1
003500ka7t61oU0n9B,Fibe 500
003500Zs6s2zj1bo7k,Fibe 500
003500Y0MEoDP7VLb9,Fibe 500
003500EAt2wyw3IIgI,Gigabit Fibe 1
003500diigi29cu2vY,Gigabit Fibe 1.5
003500q9u08pt23wW0,Fibe 500
0035007Ygt061hD3I4,Fibe 500
003500vd2P39uD9A9F,Fibe 500
0035001Biv15iSBQ77,Gigabit Fibe 1
0035007u37z527zb2B,Gigabit Fibe 1
003500WEyt13CtVgmT,Gigabit Fibe 1.5
0035002vJ4t6FuiEhl,Gigabit Fibe 1
0035004B752NfIz8xh,Fibe 500
003500T07914RnCD1g,Fibe 500
003500z929rT188Ihv,Fibe 500
003500v941LL10YNMG,Gigabit Fibe 1
003500I6qGE48t5Fn2,Fibe 500
003500856OnMVb4D0Y,Fibe 500
003500t61dK52Zj1Zb,Fibe 500
003500GQ2c0731aT97,Gigabit Fibe 1.5
003500log9I3624a0G,Fibe 500
00350072n2l4n3qGn3,Gigabit Fibe 1
0035002AiPES5C5D76,Fibe 500
0035006KUqtc29t6wY,Fibe 500
003500MAf5FNFoUTtf,Fibe 500
003500dg4X5NO3N7sU,Gigabit Fibe 1
003500lc4Tsyt8mqcm,Gigabit Fibe 1
003500vwnqy800Ml35,Fibe 500
00350057vCb4sc4301,Fibe 500
003500913ZDix7s5h3,Fibe 500
003500A39T12EAwfje,Fibe 500
003500OC3sNU3pyrrG,Gigabit Fibe 1
003500flQfOQxu3uFR,Gigabit Fibe 1
003500Un2g7d0CIV64,Fibe 500
003500h5TGE5Q56Cl9,Fibe 500
003500Y15Z1x0le33v,Gigabit Fibe 1.5
003500L7vJvQZSfiU2,Fibe 500
003500uY9q3SmRn44F,Gigabit Fibe 1
003500P7ImOR6r5WDT,Gigabit Fibe 1
003500UYuJiK726qJ8,Fibe 500
0035002460CKF72695,Fibe 500
003500C822642I6m6w,Fibe 500
003500UXAT931P60Lv,Gigabit Fibe 1.5
003500dqD85T7dGlFB,Gigabit Fibe 1.5
003500Q7t0aJLhkP17,Fibe 500
003500RH41JjfM84YG,Fibe 500
003500AW6l0t814Izh,Gigabit Fibe 1
003500P4JBAE7H0NuX,Gigabit Fibe 1.5
003500BEE1Ho6ME0PZ,Gigabit Fibe 1.5
0035004i5JgdLX89W7,Fibe 500
003500h2F6bdOlI33z,Gigabit Fibe 1
003500V5ttgzfwq53W,Fibe 500
003500w2C2Cp536aWt,Gigabit Fibe 1.5
003500oLKL95OQC2K2,Gigabit Fibe 1.5
00350053e63OZfRP60,Fibe 500
00350086XAOlm5X11w,Fibe 500
003500InKbEnCUG58r,Fibe 500
003500S9LKFd3u5Mz4,Gigabit Fibe 1
00350086q3Y3ET68Yp,Fibe 500
003500XE2ZuoB4LDVg,Fibe 500
003500II4Rf3V6XMmL,Fibe 500
003500JTc5050dCvcU,Gigabit Fibe 1.5
003500F082Z3r3MJ2S,Fibe 500
00350031Kld8yClXC7,Fibe 500
003500fgWvb2967PZ2,Fibe 500
003500Oso0dLmOA649,Gigabit Fibe 1.5
003500N29qETM6vgCZ,Fibe 500
003500LP1c4AB8FEke,Gigabit Fibe 1
003500Rqwk2MWbuy8t,Fibe 500
00350069eVKyJMB91h,Fibe 500
003500xde9K8qos2B0,Fibe 500
003500hu7nSC08ap4A,Fibe 500
003500W6n7zG9eOmxM,Gigabit Fibe 1.5
003500xjkifEGsc177,Gigabit Fibe 1.5
00350098bBJpI0tOEo,Fibe 500
003500UaQAZbl2Td7d,Fibe 500
00350096R1tGJKl884,Gigabit Fibe 1.5
0035009QYRaSHZxqQW,Gigabit Fibe 1.5
003500NwVjvLuK2mH3,Fibe 500
003500395RWMk34B95,Gigabit Fibe 1.5
0035002vLukDdG6e9P,Fibe 500
0035005U0LL59bs4pt,Gigabit Fibe 1.5
00350018qAt9pmP9ON,Gigabit Fibe 1
003500KW63uRwRLkv9,Gigabit Fibe 1
003500GWA45mF6GfWt,Gigabit Fibe 1.5
003500A1eIRd6B5s57,Fibe 500
003500T4wyk7WU9j4p,Fibe 500
003500J0L3E6j3CNfZ,Gigabit Fibe 1.5
003500TjX1Z09Sa135,Fibe 500
00350039Bj8eVuc657,Gigabit Fibe 1
0035003c3jT2tlJtI5,Gigabit Fibe 1.5
003500mFZeu1edNk2l,Gigabit Fibe 1.5
003500OKDWwg91bEgW,Gigabit Fibe 1.5
003500nRdG2sp05ioj,Gigabit Fibe 1
003500hI7Cp4q74NmM,Fibe 500
003500En0uYVN74XCE,Gigabit Fibe 1
003500se14JmU32YhW,Gigabit Fibe 1
0035001L6Rp0Pf25dG,Gigabit Fibe 1
0035000ytHv6vCrUoi,Gigabit Fibe 1.5
003500V4goNW9WdiL6,Fibe 500
003500rJLf39z312O0,Gigabit Fibe 1.5
003500m3jjR3S8d408,Gigabit Fibe 1
003500F3HusU9PiDxb,Gigabit Fibe 1
0035001tu4eJNs2wwp,Fibe 500
003500WNCFa8i9mLD8,Fibe 500
003500j12IospCgI2a,Fibe 500
003500hwIE9I5jWi7b,Gigabit Fibe 1
0035003ZVpsNlpn40V,Fibe 500
003500vNk009Y7d355,Fibe 500
003500pmFONlsf3bAe,Fibe 500
0035009wUDRKg75Cfr,Fibe 500
003500BvqRZqf3oA6a,Gigabit Fibe 1.5
0035004ik1s0svcOcT,Fibe 500
003500igfHdh18x7dV,Gigabit Fibe 1.5
003500wL16l6fSv4Hd,Gigabit Fibe 1.5
003500zFesH2wD60xW,Gigabit Fibe 1
003500UapYfMDceIGr,Gigabit Fibe 1
0035006HKo3OTa0k7J,Gigabit Fibe 1
0035002s7Nq05EF8xD,Fibe 500
003500NNi20dX5N48B,Gigabit Fibe 1.5
0035006W1b63W58xDD,Gigabit Fibe 1.5
003500dH1x9pVtV26u,Gigabit Fibe 1.5
003500ahT05CviC39Z,Gigabit Fibe 1.5
003500aum78SWcKyze,Gigabit Fibe 1
003500a5aJ1C4HX9WT,Fibe 500
0035009a1f11C9aVaU,Gigabit Fibe 1.5
0035005Pz9N3OsIw9S,Gigabit Fibe 1.5
003500aI5YD5CG9V00,Gigabit Fibe 1
0035008TA9yOys0041,Fibe 500
0035003Fl137Q3d3qv,Gigabit Fibe 1
003500gA6JnVljQ6C8,Gigabit Fibe 1.5
0035006J26t0jIB697,Fibe 500
003500j8Zk5Ut311Yr,Gigabit Fibe 1
0035003QdbQV5ACTe8,Fibe 500
003500Ao4iXrcpDurV,Gigabit Fibe 1
003500uC3ZpVOyL2tH,Fibe 500
003500n0gb8ie40bb8,Fibe 500
003500J68QFWrf7IWP,Fibe 500
00350089PyAWZ0esRx,Fibe 500
003500cShFUm3ac4gQ,Fibe 500
00350001YmW09QK4zA,Gigabit Fibe 1.5
003500dJ715Xcp7LAk,Gigabit Fibe 1.5
003500N2zvLyaFQ82q,Fibe 500
003500re29J3351kf9,Gigabit Fibe 1
003500o3sS96o99I43,Fibe 500
0035007wc9l8dg3z6c,Gigabit Fibe 1.5
00350039yX48I6VkE6,Fibe 500
0035007MEGFS38N55F,Gigabit Fibe 1.5
003500pMgt8vx52NOc,Gigabit Fibe 1
003500m8fqulK0dAm2,Gigabit Fibe 1.5
003500G74Gl81jIz88,Fibe 500
003500AvnQ8h9sqtu2,Gigabit Fibe 1.5
003500173HM3eL5fTX,Fibe 500
003500RUqMvos4Nfr1,Gigabit Fibe 1.5
003500Bd683eeSnZi9,Gigabit Fibe 1.5
003500LJ3eRQiwh8v0,Fibe 500
003500T5fqoOt140A8,Fibe 500
003500atxqDjOhTlG4,Fibe 500
003500i2eMbdi03ylb,Fibe 500
003500O695RaO6b8k0,Gigabit Fibe 1
003500viI6n6i7ow17,Fibe 500
003500HvlMlTis3sMo,Fibe 500
003500A8iV9tJQ68A5,Fibe 500
003500HlE3SYSfR06T,Fibe 500
0035009pspHe8rho3g,Gigabit Fibe 1
003500pvAqq5ZlWD18,Gigabit Fibe 1.5
003500tMWa6hLSZR7s,Fibe 500
00350011T0WQN6L892,Gigabit Fibe 1.5
003500JZPp11t1JvtL,Fibe 500
003500B3a6aixUq68F,Fibe 500
003500xCzSIKo3g6Zp,Fibe 500
003500MFEp0i330gOJ,Fibe 500
003500aXNQm6foM9I3,Fibe 500
003500Zyd0gg2ikv52,Fibe 500
003500I5sFZp2866fG,Gigabit Fibe 1
003500ecp978m2TL64,Fibe 500
003500b2dh3V1YOw6t,Gigabit Fibe 1
00350022Ue6a0fpQHC,Fibe 500
003500WKc2KN176k85,Fibe 500
003500QQM481GZ3NFj,Fibe 500
003500zBujWw21I36n,Gigabit Fibe 1
003500K4u90zgQ7h9A,Fibe 500
0035001zMjJu1E8KPd,Gigabit Fibe 1.5
003500M78lp53csb0X,Gigabit Fibe 1
0035001tt3BBU244ge,Gigabit Fibe 1.5
003500P5ys6aJwkuoN,Fibe 500
0035000Lx0iLE6todJ,Gigabit Fibe 1
0035003rtMAN8hxEMr,Fibe 500
003500kmv5rNGZ9rq1,Fibe 500
003500uIYQTB26kwnB,Gigabit Fibe 1.5
00350058dSB2Z93Oyy,Fibe 500
003500wiiA2ziXS033,Gigabit Fibe 1
003500g1I2j9g6nEVM,Gigabit Fibe 1
003500MauCd2t5Vt33,Fibe 500
00350026J6V0AWLsd2,Fibe 500
003500ZZbw99bMj0JS,Fibe 500
003500tbLnm7H78RLQ,Fibe 500
00350062Z0x939pqC8,Gigabit Fibe 1
0035002ly2fYan8V5J,Fibe 500
003500Z5VY6kYsI5LJ,Gigabit Fibe 1.5
003500n77Oy1O8uXuO,Fibe 500
00350084ZF3p08X4fS,Gigabit Fibe 1.5
0035003nK33vU0y5vS,Fibe 500
003500i3DmdB6MVBr0,Gigabit Fibe 1.5
0035009XtDO64w1w2m,Fibe 500
003500st68p4seDPXf,Gigabit Fibe 1
003500888a2jQtQBS6,Gigabit Fibe 1
0035006O8qH5W8AA3Z,Gigabit Fibe 1.5
0035008rYt02UMKZ8A,Fibe 500
003500K4MLeS60SHJ6,Fibe 500
003500v1G6SHz76Hy4,Fibe 500
003500v7PpUn8jggx1,Fibe 500
003500Z8iPgFVm3L5D,Fibe 500
0035003ZSN3EjT1Dln,Gigabit Fibe 1
003500DbcXaJe64OE7,Gigabit Fibe 1
003500BPrAV0l3Os4g,Fibe 500
003500LAoKnK9c4O2w,Fibe 500
003500nriRxYFLNUNR,Fibe 500
0035000AQ51SGIUaIJ,Fibe 500
0035008h44XwbE21N8,Gigabit Fibe 1
003500IUQv80JmV4RS,Fibe 500
0035008K7zi1d12Y4E,Fibe 500
0035001rkz6EFX7eAg,Gigabit Fibe 1.5
0035009ebQVW06smS4,Fibe 500
0035004CsBQ84jtADN,Gigabit Fibe 1
003500K9xL4gf1k8MV,Fibe 500
00350098rfLkUlL4vM,Fibe 500
00350015ExSP93wyqy,Gigabit Fibe 1.5
003500x1kOs78Z17Xe,Fibe 500
003500xw1W1u0ZGqaL,Fibe 500
0035001IvBl058a0uR,Gigabit Fibe 1.5
0035008tOwSsU7F6kx,Fibe 500
0035004x8a8zs4EA1F,Fibe 500
003500x4YZ2ccPNiF0,Fibe 500
003500384Mno4Y0urE,Fibe 500
0035002XykHpV9Iw1i,Fibe 500
003500RmS3c5H433aB,Fibe 500
003500oF1GvWfa2E2A,Gigabit Fibe 1
0035005WQA540B6q36,Fibe 500
003500rN9g8Wa4yf6U,Gigabit Fibe 1.5
003500g2DxQOpBtXp7,Gigabit Fibe 1.5
003500B30gxJz6HLkg,Fibe 500
003500Y3TSu0Us0pQX,Fibe 500
003500332fMyiW4bSr,Gigabit Fibe 1.5
003500a1HStQ3n7Q1P,Fibe 500
00350021Bf8xXV1399,Fibe 500
00350072Fu4z80YkJb,Fibe 500
0035009TKe2TX5O400,Fibe 500
0035006g3DrEuX1irY,Gigabit Fibe 1
0035004Ocxfpy8d1PR,Gigabit Fibe 1.5
003500bcSG2KOnXTYZ,Gigabit Fibe 1.5
003500nk5Sw153L796,Fibe 500
003500ou6m7nwoM97f,Fibe 500
003500z3gvw5rI7575,Fibe 500
0035009Hy8xWstsWZd,Gigabit Fibe 1.5
003500GrHQOL2gN4tk,Gigabit Fibe 1.5
003500s8xjcs5gSOp7,Fibe 500
003500i0u6fS4TF5ob,Gigabit Fibe 1.5
0035006OEqU5BM8iIU,Fibe 500
00350050FU62h93L2Y,Fibe 500
003500RM8KG5TuAj18,Fibe 500
003500UwMRXAT27ijt,Gigabit Fibe 1.5
003500dkfZapy8p1k6,Fibe 500
0035000cR0E2vOfV9I,Fibe 500
003500lR3NlUoOYb4T,Fibe 500
003500l9pSvTJJtAJ1,Fibe 500
003500tnz21UQ3nFgg,Fibe 500
003500Z83a5bEctq30,Fibe 500
003500gDN711iM7wUw,Gigabit Fibe 1
003500s56Sn5342hl2,Fibe 500
003500J0I0Hp2ZIjXJ,Gigabit Fibe 1
003500dC1uSg7AVxO5,Fibe 500
0035000cct2du76PK6,Gigabit Fibe 1
003500r92x0JB68FrW,Fibe 500
003500il37mIF4FgH7,Fibe 500
003500fH0wu7I96wPy,Fibe 500
003500OxsizVzz30DU,Fibe 500
0035004b80lnYawf8v,Gigabit Fibe 1.5
003500emxykY34PTXp,Fibe 500
003500N2B93XlWF0jB,Fibe 500
003500Ss682eYL8Jb8,Gigabit Fibe 1.5
0035005E90RTRaRZFi,Gigabit Fibe 1
003500mL8Wjgj0YOiT,Gigabit Fibe 1
003500CmJDUy2Z0y25,Gigabit Fibe 1
003500HqJvkA1hs98g,Fibe 500
0035009po7cNb44080,Fibe 500
00350098w3Oci5LXFK,Gigabit Fibe 1
003500T4nG07oeszvc,Fibe 500
003500j1TnE9R6VFC2,Fibe 500
003500tu83uv0QMijI,Fibe 500
003500O4Vw8mX97YAT,Fibe 500
003500eX85gHI1SFtP,Gigabit Fibe 1
003500KYwZ7bGySsY7,Fibe 500
003500fx8rnDC6ws8x,Gigabit Fibe 1
003500VLReF3KzVS8l,Gigabit Fibe 1.5
0035001191jYWL583y,Fibe 500
003500A24o2PH8GIw0,Fibe 500
003500w6yaXe7E2P8f,Gigabit Fibe 1
003500iKoiifIO24fw,Gigabit Fibe 1
003500Lb6uVG7YKA0g,Fibe 500
00350072m74A3t32p9,Gigabit Fibe 1
00350045A3bKaTMsTg,Gigabit Fibe 1
003500oVL7G00f8Z03,Fibe 500
0035001gDF3Kx16TKI,Fibe 500
00350005025X71HuU7,Gigabit Fibe 1
00350077276mVu8zlf,Gigabit Fibe 1
0035002f4phh10J135,Gigabit Fibe 1
003500jfvOM6nIc8aO,Gigabit Fibe 1.5
003500iz89fu9331OX,Fibe 500
003500YG19aOSPOLB7,Gigabit Fibe 1.5
00350016n29oo4khP8,Gigabit Fibe 1
00350064p57IY8xO37,Fibe 500
003500BX64bY9H09ay,Fibe 500
0035009uSP25tlv1Kb,Fibe 500
0035000WTotT1hZdzj,Fibe 500
0035004ESVD6x3N2VZ,Fibe 500
0035004CZ55874dM8f,Gigabit Fibe 1.5
0035004lWT0bi8Mb02,Gigabit Fibe 1
00350081HVSkl56w2f,Gigabit Fibe 1.5
0035004292uOsx1LUZ,Fibe 500
003500e7SM5I5QFh54,Fibe 500
00350057T1U2n8Zl6G,Fibe 500
0035008Xw4lPx20b1P,Gigabit Fibe 1.5
00350021ei88r120kN,Fibe 500
003500X5kSCHJ36jnH,Fibe 500
0035008OPxC0Y4t2yT,Fibe 500
003500QA4N9Q7mw8p9,Fibe 500
003500NnIU0YurGi5R,Fibe 500
003500FM733bKpykUb,Gigabit Fibe 1.5
00350025fH3m382U5i,Fibe 500
003500q0w5kgaPd90p,Fibe 500
003500rylCQjOkE03s,Gigabit Fibe 1.5
003500q9132n07K0BV,Gigabit Fibe 1
003500Zb16u5ZC2lXI,Gigabit Fibe 1.5
003500199Tm1DX32GC,Fibe 500
003500VxAlzwUzKErs,Gigabit Fibe 1
003500k9zTpN29wGts,Gigabit Fibe 1
003500v405TS8Trvz2,Gigabit Fibe 1
003500S2H4s3T37yli,Gigabit Fibe 1.5
003500u08AyCR0d5T9,Gigabit Fibe 1
0035000kfOAP3f6q86,Fibe 500
003500NJM3uu4GfR17,Gigabit Fibe 1.5
003500I3aho217qNoL,Gigabit Fibe 1.5
003500gt09EO29lWiF,Fibe 500
0035005103UXST65YO,Fibe 500
003500l7tvrc9G4AR2,Gigabit Fibe 1.5
0035001Jt1iGE89Gli,Gigabit Fibe 1
003500S0sw0KdVX0Pc,Fibe 500
0035009PxIE8XUl8iF,Fibe 500
003500VWPf5Et2364l,Fibe 500
003500ZfFX1C6YsNML,Fibe 500
0035006G04CHGVr2Vo,Gigabit Fibe 1.5
0035001PuG4n7yop3Z,Gigabit Fibe 1
0035007ck8vr313ojO,Gigabit Fibe 1.5
003500923Yd4sSY3V2,Gigabit Fibe 1.5
003500KIAOMVh037VR,Gigabit Fibe 1
003500Llpwq2ToWxx4,Fibe 500
003500Ef5Gh03iE817,Fibe 500
0035000h075s0PFhf1,Gigabit Fibe 1.5
003500FRgwQW3ZbxfQ,Fibe 500
003500oOwL2rC19O8A,Gigabit Fibe 1.5
003500FVbw1142fbq6,Gigabit Fibe 1
003500Xh1xGI88tIby,Gigabit Fibe 1
0035006RWizoJy25w8,Fibe 500
003500FJkUt0AYXQ50,Gigabit Fibe 1
0035004EUW2ZdF89I0,Gigabit Fibe 1.5
003500c2yn019wihgL,Fibe 500
003500Ly5VNkbu83UL,Gigabit Fibe 1.5
003500ct501GE609TH,Fibe 500
003500kbDJo0lijHnW,Fibe 500
003500viWUPlNzMIxX,Gigabit Fibe 1
003500d3Ksk85lPF6U,Fibe 500
0035007mxvk7w3sHym,Gigabit Fibe 1.5
00350043f8Q3Pf5rbA,Fibe 500
00350083eid2k0G9eC,Gigabit Fibe 1
003500X7utuDkbM969,Fibe 500
003500U4z30uZbB97W,Fibe 500
003500uo4a57f5zCt2,Fibe 500
0035008x0aemD0c17B,Fibe 500
003500608Q65joyS1q,Gigabit Fibe 1.5
0035002YV3Rf7FolZ8,Gigabit Fibe 1
003500An3Wdvn9ittv,Gigabit Fibe 1.5
003500MAdCt2669Asd,Fibe 500
003500bbxRG37v92nr,Gigabit Fibe 1.5
003500h2NF1MT9oLyo,Gigabit Fibe 1
003500l8KpawYdjIt8,Gigabit Fibe 1
003500eixePTfwZx6X,Fibe 500
003500T0hv35NAbLp2,Gigabit Fibe 1.5
003500q8ah18C8MHk7,Fibe 500
00350056LDM77ssts6,Gigabit Fibe 1.5
00350020b63yV5Sv13,Fibe 500
003500Wvh5TBLB8hq1,Gigabit Fibe 1.5
003500NG12z9Nn3LU5,Gigabit Fibe 1
003500BOYb5OEUH455,Gigabit Fibe 1
003500sQ2ZIc647b3t,Fibe 500
003500pp3HpfT34N12,Gigabit Fibe 1.5
003500X5UpnF320gMu,Fibe 500
003500g5Jg43GFKsZ1,Gigabit Fibe 1.5
003500hqU1u5BZ4H0i,Gigabit Fibe 1.5
003500x97FXeko1Ta4,Fibe 500
0035004CU6GdQdtwqG,Gigabit Fibe 1.5
003500Kjvx0rqu1832,Gigabit Fibe 1.5
003500bR47Xie0ghKx,Fibe 500
003500nc2Xik69RO7g,Gigabit Fibe 1
003500G13TipebHTQu,Gigabit Fibe 1
0035005JDA8Jd38E42,Fibe 500
003500C9NOfM403gH7,Fibe 500
003500k37g84zehbdL,Gigabit Fibe 1.5
003500vPhe4u0a3788,Gigabit Fibe 1.5
003500iEDx2VU4soUv,Gigabit Fibe 1.5
003500CUxN9p85z3n4,Fibe 500
003500n4rq9p7nlhcf,Fibe 500
0035004eKQRAhpr070,Fibe 500
003500QZuUuv21zf1J,Fibe 500
003500r84T4zkK8xb2,Fibe 500
0035005xklM0MO9Mgk,Gigabit Fibe 1
0035000Y783ZSAnYFG,Fibe 500
0035004dNrG87mlX6e,Gigabit Fibe 1
003500dtbK9U27abPM,Gigabit Fibe 1
003500Mu9s1JN4Q6D1,Gigabit Fibe 1.5
003500C6tp95RK3M4D,Fibe 500
003500Q2s1vEJ9Dw7K,Fibe 500
003500Y1Bj7CroGM24,Fibe 500
003500IX56rpt21Z4a,Gigabit Fibe 1.5
003500P351IXnjF8bQ,Fibe 500
00350042w9X544DjKy,Fibe 500
003500L5V7Z0w7NbmS,Fibe 500
003500l5905y6nXfd1,Gigabit Fibe 1.5
003500sez63H7OJY1R,Gigabit Fibe 1
003500va1EOI0NWd02,Fibe 500
003500jkqeMzsd50m5,Gigabit Fibe 1.5
003500Fs0pGtX87dJ9,Fibe 500
0035007iB1md1qM90m,Gigabit Fibe 1.5
003500e8ACd53JHn8V,Fibe 500
00350026tH54R2sRj7,Fibe 500
003500LhRAcuwJxpBz,Gigabit Fibe 1.5
0035000s55b93o8m5y,Fibe 500
003500qia36V43b243,Fibe 500
003500eKt6R27r8l5x,Fibe 500
003500VBW2FeR0K6uo,Gigabit Fibe 1
0035000Z9WKBUgbT5C,Gigabit Fibe 1.5
003500U3isxh8Q4CdS,Gigabit Fibe 1.5
0035002LO49KgJ6teM,Gigabit Fibe 1
003500udQ7PlQN09zb,Fibe 500
003500VQUDKM9k30A5,Gigabit Fibe 1.5
003500I223Zq5EiY24,Gigabit Fibe 1
003500D9Sz0d5HOCWk,Fibe 500
0035007UJju1264C80,Gigabit Fibe 1
0035005IELslBkD1VX,Gigabit Fibe 1.5
003500uXUb01Z9y6WC,Gigabit Fibe 1.5
003500WzAM7nZRf9k4,Fibe 500
003500T3i6B71Xnzd2,Fibe 500
0035004c4702Lyi9BA,Fibe 500
003500827ij2R58zkh,Gigabit Fibe 1
00350043DT52gs2gR6,Gigabit Fibe 1
003500qLYLf2M9lEyh,Gigabit Fibe 1
00350018fm2S7HiP31,Fibe 500
003500bZnpjVTw6QV5,Fibe 500
003500rPjnGj552CWZ,Gigabit Fibe 1
00350072924f93r9V5,Fibe 500
003500P7p7u6pA6og1,Fibe 500
003500ufUoLLTA81dT,Gigabit Fibe 1.5
003500oLbu9h0adfsY,Fibe 500
003500e3apjELX7021,Gigabit Fibe 1.5
003500BNWZ0iLhQwJ0,Fibe 500
003500awEL91cIa0Lp,Gigabit Fibe 1.5
003500TGW6oRyDpl0e,Fibe 500
0035002RrSg7SP3cAr,Gigabit Fibe 1.5
003500LgR4ZpcMC74R,Fibe 500
00350075u1wq1qj6LT,Gigabit Fibe 1
003500CsitiV9Ng54R,Gigabit Fibe 1.5
0035008761x27b27KF,Gigabit Fibe 1
003500kQZ3n97UoR0b,Gigabit Fibe 1
003500aZoa231CI2RN,Fibe 500
0035001v2AN8mAaBQz,Gigabit Fibe 1
003500t378q1pFgjh7,Fibe 500
0035005cZP8a7zr8AT,Fibe 500
00350007juH5Vm1Vyc,Fibe 500
003500LC9BODEiuTzm,Fibe 500
003500yBam6Qk2tb0j,Fibe 500
003500Jq51E0M32ZYx,Fibe 500
003500GFd2XfP8J8LB,Gigabit Fibe 1.5
003500iHQrqr7fjfzy,Gigabit Fibe 1.5
003500bz7XmcyvfIeA,Fibe 500
003500P0s6k6UBz9e6,Gigabit Fibe 1.5
003500yYHEOOGs9ONJ,Gigabit Fibe 1
003500EaLU8y49c0dr,Fibe 500
003500KAD1Rg52jlA4,Gigabit Fibe 1
003500rIzZWFcSYfZ4,Gigabit Fibe 1.5
003500WK7ukc8P5Zx6,Gigabit Fibe 1
003500LMBl7fiv20kH,Gigabit Fibe 1
003500GN58r0v4M4fW,Fibe 500
003500V827eC3i0H6K,Fibe 500
003500r3oyv6hD3LjX,Fibe 500
003500P7FM1y5287iR,Fibe 500
0035005pgMY4hK8mqp,Fibe 500
00350016770n2gBxVV,Gigabit Fibe 1.5
003500ly0hIdyutxSG,Gigabit Fibe 1
00350003Llb0LG95Dr,Fibe 500
003500Op9n07IAC4zh,Gigabit Fibe 1.5
003500Y36ow688p0Ww,Fibe 500
003500KIh3532wjCb9,Gigabit Fibe 1
003500Kk5dPSwsY16R,Fibe 500
003500guzYXbv26lDJ,Fibe 500
0035003HiYoo1790Wu,Gigabit Fibe 1
0035003HDNx6k1t809,Fibe 500
003500RCkyB1119SP8,Gigabit Fibe 1.5
003500I7W6UNK50r0L,Fibe 500
003500Mgy862fHv4V9,Gigabit Fibe 1.5
0035006aEC57SS6538,Fibe 500
003500M76Kvuu41N4w,Gigabit Fibe 1.5
003500u7PXn913FHom,Fibe 500
003500NKCSs2L9PHtL,Fibe 500
003500yWE2zQ0Q7y3Q,Fibe 500
00350003rHTbZ7wrP7,Fibe 500
0035007753zIHQ04yM,Fibe 500
003500K2Jq90BA3nG8,Fibe 500
003500DGNs8zl8mC8F,Fibe 500
003500w0i76HMX4ce5,Fibe 500
003500I40BOj6QDDE2,Gigabit Fibe 1
003500tkuecE22kmaO,Fibe 500
003500wis1sp7RSNYB,Gigabit Fibe 1.5
003500z7HiN66M9tk4,Gigabit Fibe 1.5
003500Q5iNi8CLgvJ3,Fibe 500
003500u1q0gBF00Co3,Fibe 500
003500b7A24FJQp116,Fibe 500
00350067Eyl9U0cl5F,Gigabit Fibe 1.5
0035000Fmo0AVjuOei,Fibe 500
003500bc4ln30oVsmw,Gigabit Fibe 1.5
003500Z84V77TA6qR1,Fibe 500
003500giiXfKQ6275u,Fibe 500
003500lf0Fklu0aZ7k,Gigabit Fibe 1.5
00350078GPL10PwFZO,Gigabit Fibe 1.5
003500s0FzSieE3a8A,Fibe 500
003500ZSnJBdE9wMnA,Fibe 500
003500tgRXqGOhf3Xv,Gigabit Fibe 1
003500z3SG22VKkltB,Fibe 500
0035000tNfQOU3289H,Gigabit Fibe 1.5
00350057ZuUy9x33ZX,Fibe 500
003500n3Ds5FtcNDR6,Fibe 500
003500M156J68NZa5f,Gigabit Fibe 1.5
003500cI396o5jAMGr,Gigabit Fibe 1.5
00350018wfzm6NTg48,Gigabit Fibe 1.5
003500hSRvM15mfUop,Fibe 500
0035007qbF107MM1c2,Gigabit Fibe 1.5
00350007xCfpuFSo9s,Fibe 500
0035002775B05Ix217,Gigabit Fibe 1
003500WI444kFdT9vl,Fibe 500
003500Y95R8aHLye09,Gigabit Fibe 1.5
003500Dm4y3tywW57b,Fibe 500
0035008IvQH4U13PBm,Gigabit Fibe 1.5
0035006Y9Y1ozON1c4,Gigabit Fibe 1
003500v6cf69C4l7k6,Gigabit Fibe 1
00350049a5cED8sZfw,Gigabit Fibe 1
0035008p2i9OPJ0v79,Fibe 500
003500jl2Cu84MiDRG,Gigabit Fibe 1
003500Z0mrLA4fsJ6R,Fibe 500
003500TC5IU5Oz8IJy,Gigabit Fibe 1
003500nHP4QFwNgMt7,Fibe 500
003500e0vc1mo6uoyN,Gigabit Fibe 1
0035008902hLR78BBL,Gigabit Fibe 1.5
003500O7c8D93m16wE,Fibe 500
0035005Wi8miH01aJL,Fibe 500
003500r0G8XeL7dP63,Fibe 500
0035007IT665nUf58t,Gigabit Fibe 1.5
00350037b9Q9IdE9vw,Fibe 500
003500zaFsBws63pLj,Gigabit Fibe 1.5
003500UcKabu6ZxHg5,Fibe 500
0035002AIUlEMa6itq,Fibe 500
003500qsWZ4Zc9VU88,Gigabit Fibe 1.5
003500y1n0D6tNV5U1,Gigabit Fibe 1
003500Srgb6GY10LxE,Gigabit Fibe 1.5
0035003U9SMHPM1mAB,Fibe 500
0035007RcAjs4sFGS6,Gigabit Fibe 1
003500iyWR4mPAzhXd,Fibe 500
003500Jt863R5c8r94,Fibe 500
003500RWA9m4183b7g,Gigabit Fibe 1.5
00350084k6bjl0KpGf,Fibe 500
003500Ob7wKq6A84Z9,Gigabit Fibe 1
003500vE9RWsW2q4G9,Fibe 500
0035007xZ71y1j70O9,Gigabit Fibe 1.5
0035003joVIu9vSQNw,Fibe 500
003500x0jdTxPsQzuM,Gigabit Fibe 1
003500dr1Mbdv7iAXk,Gigabit Fibe 1.5
003500uhf01ik2iBi5,Gigabit Fibe 1
003500emX2KX1GGN82,Gigabit Fibe 1.5
003500I5Po30AJP6M2,Fibe 500
003500dF4e4abH7jFN,Gigabit Fibe 1.5
003500yP0Y2YCob8kd,Gigabit Fibe 1.5
003500Micx917F1atg,Gigabit Fibe 1.5
0035002K3eHvjVGr95,Fibe 500
003500H077tyZkVt27,Fibe 500
003500UUU47zP74VWU,Fibe 500
003500T3AFbMci9dfq,Fibe 500
003500AXo41deY5q3x,Fibe 500
003500BkaFX74w4gR5,Fibe 500
003500h140Ec9b35UX,Fibe 500
00350083mrX6H7uHo4,Gigabit Fibe 1
0035000o3nReb4v20Y,Fibe 500
003500yYW4KZ3U2S0P,Fibe 500
003500F2u5UHh4453y,Gigabit Fibe 1.5
003500aUy2aCM19l6G,Fibe 500
003500C7nXk5l19h9k,Fibe 500
003500g451zyA7TuD2,Fibe 500
003500Vo93GM8nBq9z,Gigabit Fibe 1.5
003500D8dz9ZrJ5y7U,Fibe 500
003500NDV6T08OQ85z,Fibe 500
0035002G50oJ87FR79,Gigabit Fibe 1
003500J3Q96yz7IWr7,Fibe 500
003500EjJY1b59MdZA,Fibe 500
00350087k0l9ujM89u,Fibe 500
003500MWIM7Btew4Cx,Gigabit Fibe 1
003500001RPc9EotPu,Gigabit Fibe 1.5
003500rVsN909Iq5g2,Gigabit Fibe 1
0035003Tb3yQV2MRtH,Fibe 500
0035003wB1FHXcnNAB,Fibe 500
003500orAYmoZ5d44o,Fibe 500
003500ZxiH49v8wXWi,Fibe 500
003500XO0B6f3gq38K,Fibe 500
0035005Ku2l3T7V7N9,Gigabit Fibe 1.5
003500ebx220f79CQN,Fibe 500
0035000MY0hwX7JN6v,Gigabit Fibe 1
0035002R1Kn8iE3Hzr,Fibe 500
003500u0Y35y9ocba9,Gigabit Fibe 1.5
003500IbA8IW98703G,Gigabit Fibe 1.5
003500Yf8GLkATs7P6,Fibe 500
003500aPB6ZnM7PbC1,Gigabit Fibe 1.5
003500NEaR241yPl4O,Fibe 500
0035007PT8A05k6X6w,Gigabit Fibe 1
003500L54KQk4E7PEO,Fibe 500
003500S5NvaKKZoOUD,Gigabit Fibe 1
003500wyGMNN9lsT85,Fibe 500
0035008TN9Arlj9Rk6,Fibe 500
003500q3VZq6EvX680,Gigabit Fibe 1
0035007J9MmtoyHN6O,Gigabit Fibe 1
0035007w13g0FOgjH0,Fibe 500
003500783bQ2OUO8C1,Gigabit Fibe 1.5
00350055x0IuEeNwgb,Gigabit Fibe 1
003500EFjuKH1c2vj6,Fibe 500
003500MuInHG2OMzGh,Fibe 500
003500BfxrRo310q5C,Gigabit Fibe 1
003500bK8Sojk9v9TF,Fibe 500
003500r1lfS5ciENWK,Gigabit Fibe 1.5
003500zw3jfmgkDaB7,Gigabit Fibe 1
003500v90QI0d4E2LE,Fibe 500
003500Atgy21c3n3k3,Fibe 500
003500z4S5V6DP3N05,Gigabit Fibe 1
003500FkPi61oLDN9m,Gigabit Fibe 1.5
003500I2WJ5yMIqBHG,Fibe 500
0035000F8Q2hnR113p,Gigabit Fibe 1.5
003500bGxHmT3451M6,Fibe 500
0035007Ok2x6C2xd11,Fibe 500
003500l60OK0F5enO4,Fibe 500
003500JOJ6efe43a5q,Gigabit Fibe 1
0035007LU9FUbkJrU3,Gigabit Fibe 1.5
003500E414783d6rmu,Fibe 500
003500XAqDO7E7m3kT,Gigabit Fibe 1
003500cLL572j1t9Xy,Gigabit Fibe 1
00350081SpYV3Es9bK,Fibe 500
0035007g72M83fh26n,Gigabit Fibe 1.5
003500nb6ag4jr8TV8,Fibe 500
00350033Mh64S4W1p2,Gigabit Fibe 1
003500twhGWZ6dVjXk,Gigabit Fibe 1.5
0035004aZEsHF1gaU2,Gigabit Fibe 1
003500i1dWYb0xA46Z,Gigabit Fibe 1.5
003500Ki59eXfcF8wG,Gigabit Fibe 1
0035007DedCTkexc9E,Gigabit Fibe 1
0035005q8jpdplrDRs,Gigabit Fibe 1.5
0035005w4Iw9joW3zz,Fibe 500
003500GfbIJ1J7IZxO,Fibe 500
003500bRso0mELsXG8,Gigabit Fibe 1.5
0035009Qr39KpU3AXR,Gigabit Fibe 1.5
003500A1BBY19Eblv9,Fibe 500
0035009UH42zTWv1J0,Gigabit Fibe 1.5
0035008RYDeWB9snPR,Gigabit Fibe 1.5
0035009z9ODOhwRb7w,Gigabit Fibe 1
0035009z0SHfSG9iy0,Gigabit Fibe 1.5
003500y5d5EVEk3Nk4,Fibe 500
003500d0HARwL4BmU6,Gigabit Fibe 1.5
003500uVhAjX1qfw1V,Gigabit Fibe 1
0035009081Bt4PPePq,Fibe 500
00350017m0323py3k4,Gigabit Fibe 1
0035002VzNcb9s1Kpq,Gigabit Fibe 1.5
0035005TOfR3cw3E6K,Gigabit Fibe 1
003500KH5585el7G5p,Fibe 500
0035005o8yHNZqlb36,Fibe 500
003500W88P8MbnLN2V,Gigabit Fibe 1.5
0035001qG8xHZy8vMH,Fibe 500
0035004CVA3aRBa3fh,Gigabit Fibe 1
003500wTOyRaMGi59V,Fibe 500
0035007T5S9oPr5231,Fibe 500
003500f9tJst1ld92V,Gigabit Fibe 1.5
003500IVuYgZ4CDJiO,Fibe 500
003500L3Ys7584c88i,Fibe 500
0035007jl94si5Q3Cw,Gigabit Fibe 1
003500USTY85T3KQ4f,Fibe 500
0035001zqf1WDL3l0N,Gigabit Fibe 1.5
0035007CjF4Mk7jMAA,Gigabit Fibe 1.5
003500JY74s3FgGrX7,Fibe 500
003500FPEmv8l721l3,Fibe 500
003500vs81e56rx7nq,Fibe 500
003500Jzn6DmtoWH6n,Fibe 500
00350040zizYj9A1ny,Gigabit Fibe 1
003500X96oSGvGeP80,Fibe 500
003500RwA71J70tnZ7,Fibe 500
003500K5MYD6hhTzX5,Fibe 500
003500JII32LdyMkL6,Gigabit Fibe 1.5
0035007ONbzh75rA8i,Gigabit Fibe 1
00350022go27p6N1HQ,Gigabit Fibe 1
0035003pPieRg8DZJ7,Fibe 500
003500338SElwLOJaH,Gigabit Fibe 1
00350042JJ7qK7l503,Gigabit Fibe 1
0035007Bt0rZRsT4J7,Fibe 500
003500I7o2jY58yJT9,Gigabit Fibe 1
00350021MGdZJNx5SL,Fibe 500
0035004k9Wmlzw2405,Fibe 500
0035003F1LuB38Vx1H,Gigabit Fibe 1.5
0035000hm9yb1yR8cl,Gigabit Fibe 1
00350016R0V283n86c,Gigabit Fibe 1.5
003500x3p8T3USpEdC,Gigabit Fibe 1
003500u05LJr8f2u9n,Fibe 500
0035000M2i4Ooe574h,Gigabit Fibe 1.5
0035003X6n7SOd4S3Y,Fibe 500
003500U105pxCuzC48,Fibe 500
003500seF83nQRI38z,Fibe 500
003500S2ZJz8u3LvE9,Fibe 500
003500crke5TM8XGQ7,Fibe 500
0035007l5rZD8EZUew,Fibe 500
003500t674tePj96t8,Fibe 500
003500K8O6gYpSS06f,Gigabit Fibe 1
003500ahOjM66J9e53,Fibe 500
0035006nBXuy70qjTo,Fibe 500
003500Mw7nvIB971Ez,Fibe 500
003500z8Ei4f51iI1M,Fibe 500
0035006Dxyk6EbEm4e,Fibe 500
00350097RmSv7cXi57,Gigabit Fibe 1
003500xKuE372Did9I,Gigabit Fibe 1.5
00350057eN0h29eaj8,Gigabit Fibe 1.5
003500KL9YE64cU4x4,Gigabit Fibe 1.5
00350013ToOKS8HZw3,Fibe 500
003500h4SyV5eG4B8K,Fibe 500
003500zoMfRzN9s33s,Fibe 500
003500cXOGkuz4DW6T,Fibe 500
00350042S87Kf9s59E,Fibe 500
003500xpR18nkJByGY,Fibe 500
003500bFpg9f6yE5b7,Fibe 500
003500l4W4zZieJ0KZ,Fibe 500
003500Tw1kUNp2YS1f,Fibe 500
003500gAUNSBbr0za1,Fibe 500
0035000DEyFL7M8mr1,Gigabit Fibe 1.5
003500mCz0aG2bheoF,Gigabit Fibe 1.5
003500Nrb7Zl1H6F59,Gigabit Fibe 1.5
003500LqYno87dkzD4,Gigabit Fibe 1.5
003500X3S8Wj8U1T4Y,Fibe 500
003500U6GLH22I51H4,Fibe 500
003500AQEu1V6v23VW,Gigabit Fibe 1
003500qGI633o359Hz,Gigabit Fibe 1
003500RPks45CxAOsV,Fibe 500
003500XI2tS0f3pqUR,Gigabit Fibe 1
0035006jJE3pB99FV2,Fibe 500
003500OF9IAKWbntuT,Gigabit Fibe 1
003500w2yUNtW9p342,Fibe 500
003500oG080ZQ62fdG,Gigabit Fibe 1
003500wDzkcOIx3ej0,Gigabit Fibe 1.5
0035008SbDh5i6TWZE,Fibe 500
003500DIUsnjavYm8V,Gigabit Fibe 1.5
003500Uyc268JtA49V,Fibe 500
003500Qh6YudW7wwfZ,Fibe 500
003500FiH82C9C86Ir,Fibe 500
003500pEz07K05Omk5,Gigabit Fibe 1.5
003500H8Mq06w1Z6L1,Fibe 500
003500M3b2zNnCiTAb,Gigabit Fibe 1
003500ddkUui7T002r,Fibe 500
00350001a74B7uU6yZ,Gigabit Fibe 1
003500i7R8BkJ6xvpI,Gigabit Fibe 1.5
003500SNzg10eV2IKL,Fibe 500
003500URn76xrU47fh,Fibe 500
003500Fm25A1jaJ7Bp,Gigabit Fibe 1
003500R3g40XOKy1jV,Fibe 500
003500A13Bd82h4CzK,Gigabit Fibe 1.5
