id,first_name,last_name,email
00350003rHTbZ7wrP7,Stanislas,Wrate,swrateit@engadget.com
00350007juH5Vm1Vyc,Tony,Gluyas,tgluyashs@utexas.edu
0035000Fmo0AVjuOei,Shoshanna,Millard,smillardj6@facebook.com
0035000Y783ZSAnYFG,Brendon,Adcocks,badcocksg3@cam.ac.uk
0035001IvBl058a0uR,Guss,Brigman,gbrigmanax@hud.gov
0035001v2AN8mAaBQz,Noella,Sawforde,nsawfordehp@cloudflare.com
0035001zqf1WDL3l0N,Deborah,O'Sesnane,dosesnanenv@salon.com
00350022go27p6N1HQ,Misty,Kyndred,mkyndredo7@wisc.edu
00350029JrN3Uh23RO,Kyle,Blevin,kblevin3f@webmd.com
00350037b9Q9IdE9vw,Malina,Arnault,marnaultk8@hibu.com
0035003Xgg2dDhmjRB,Bidget,Whitley,bwhitley3@shutterfly.com
00350049a5cED8sZfw,Doloritas,Boarleyson,dboarleysonjw@stumbleupon.com
0035004i5JgdLX89W7,Darsie,Possel,dpossel5w@si.edu
0035005L9L6il5M069,Haywood,Ghent,hghent8@loc.gov
0035005xklM0MO9Mgk,Carce,McAuliffe,cmcauliffeg2@dyndns.org
0035006305els4r2Oa,Jessa,Siddeley,jsiddeleyz@w3.org
00350072m74A3t32p9,Phedra,Simony,psimonycv@wikimedia.org
00350075u1wq1qj6LT,Sid,Healy,shealyhk@ucla.edu
0035007753zIHQ04yM,Danyelle,Dragon,ddragoniu@microsoft.com
00350077Tns52dd504,Guinevere,Nunes Nabarro,gnunesnabarros@elpais.com
0035007CjF4Mk7jMAA,Bettina,McGeechan,bmcgeechannw@weebly.com
0035007zG2HV32Eh32,Helene,Gleadhall,hgleadhall3q@blogs.com
00350083mrX6H7uHo4,Henderson,Woolsey,hwoolseyl4@privacy.gov.au
00350084k6bjl0KpGf,Nance,Larratt,nlarrattkk@yahoo.co.jp
0035008aXB7XKrPmP8,Jedediah,Poor,jpoorf@wunderground.com
0035008RYDeWB9snPR,Dolf,Wordley,dwordleyn9@loc.gov
00350092JBia5iO8KP,Rhona,Spenton,rspenton1e@bravesites.com
003500A13Bd82h4CzK,Reynard,Abramowsky,rabramowskyq6@icio.us
003500a5aJ1C4HX9WT,Rawley,Rosenstock,rrosenstock7z@bigcartel.com
003500ahOjM66J9e53,Alika,Lindborg,alindborgot@yale.edu
003500AsEpVJxOb9Qx,Benny,Tutchener,btutchener1r@biblegateway.com
003500Atgy21c3n3k3,Vonny,Sattin,vsattinmg@dailymotion.com
003500AvnQ8h9sqtu2,Chrisy,Chadwin,cchadwin8q@newsvine.com
003500aXNQm6foM9I3,Pietrek,Reboulet,preboulet9b@paginegialle.it
003500bz7XmcyvfIeA,Aldis,Stobbart,astobbarthy@youku.com
003500CmJDUy2Z0y25,Estele,Belmont,ebelmontce@smugmug.com
003500d0HARwL4BmU6,Janine,Radband,jradbandnd@examiner.com
003500DbcXaJe64OE7,Abran,Seago,aseagoah@smh.com.au
003500dqD85T7dGlFB,Leif,Spavon,lspavon5q@prweb.com
003500EAt2wyw3IIgI,Aeriel,Gerant,agerant4m@businessinsider.com
003500ecp978m2TL64,Alanna,Klainman,aklainman9e@clickbank.net
003500eixePTfwZx6X,Gideon,Thake,gthakef9@free.fr
003500EjJY1b59MdZA,Sherwynd,McColley,smccolleylg@furl.net
003500eslU3A7Fj7G3,Garold,Marran,gmarran3u@ebay.com
003500fx8rnDC6ws8x,Skipper,Twamley,stwamleyco@hp.com
003500GFd2XfP8J8LB,Jobina,Kike,jkikehw@google.es
003500GQ2c0731aT97,Chevalier,Clemas,cclemas52@earthlink.net
003500H8Mq06w1Z6L1,Orsola,Kornousek,okornousekpx@aol.com
003500hI7Cp4q74NmM,Lucretia,Tinker,ltinker75@nsw.gov.au
003500I223Zq5EiY24,Corrie,Glencross,cglencrossgw@youtu.be
003500I52Ck42S66hx,Tarra,Whittlesee,twhittlesee35@guardian.co.uk
003500I5sFZp2866fG,Marcelline,Lody,mlody9d@free.fr
003500i7R8BkJ6xvpI,Cody,Lucus,clucusq1@techcrunch.com
003500I7W6UNK50r0L,Oran,Firebrace,ofirebraceim@163.com
003500IbA8IW98703G,Margot,Berthelet,mbertheletlv@thetimes.co.uk
003500iEDx2VU4soUv,Vanda,Viste,vvistefw@redcross.org
003500IUQv80JmV4RS,Sol,Isaak,sisaakan@ebay.co.uk
003500jfvOM6nIc8aO,Spike,Leader,sleaderd2@telegraph.co.uk
003500JOJ6efe43a5q,Tobiah,Truse,ttrusemo@dropbox.com
003500Kjvx0rqu1832,Jacquette,Ashfull,jashfullfo@vk.com
003500KQcx1XK81UIW,Husain,Ary,hary4a@businesswire.com
003500Lb6uVG7YKA0g,Dani,De Bruyne,ddebruynecu@multiply.com
003500Llpwq2ToWxx4,Ina,Levy,ilevyef@europa.eu
003500M2cE7oe9NFUZ,Nady,MacCoughan,nmaccoughan2r@diigo.com
003500Mw7nvIB971Ez,Markos,Calderon,mcalderonov@edublogs.org
003500Ob7wKq6A84Z9,Alva,Sigg,asiggkl@sciencedaily.com
003500P0s6k6UBz9e6,Brand,Furnival,bfurnivalhz@alibaba.com
003500P4JBAE7H0NuX,Dyana,Pennone,dpennone5u@merriam-webster.com
003500Q1THpJI1q4od,Alida,Greeno,agreenou@domainmarket.com
003500Q2s1vEJ9Dw7K,Melva,Jelf,mjelfg8@umich.edu
003500q9132n07K0BV,Anthea,MacGaughey,amacgaugheydr@tinyurl.com
003500qsWZ4Zc9VU88,Madelene,Geraldi,mgeraldikc@netvibes.com
003500QZuUuv21zf1J,Theresita,Dye,tdyeg0@devhub.com
003500r0G8XeL7dP63,Fayth,Stokell,fstokellk6@state.tx.us
003500R2CFF8UZHKvG,Nahum,Yallop,nyallop2f@imgur.com
003500R71ql360rQB1,Emalia,Dyott,edyott13@apache.org
003500rVsN909Iq5g2,Kenny,Wimmers,kwimmerslk@google.nl
003500RWA9m4183b7g,Modestine,Cometto,mcomettokj@newyorker.com
003500S2H4s3T37yli,Renell,Scandrite,rscandritedx@amazon.co.jp
003500U4z30uZbB97W,Hilton,Flockhart,hflockhartez@berkeley.edu
003500uVhAjX1qfw1V,Norrie,Scrimshire,nscrimshirene@google.co.uk
003500UXAT931P60Lv,Farah,Prenty,fprenty5p@shutterfly.com
003500Uyc268JtA49V,Dionis,Martello,dmartellopt@exblog.jp
003500V827eC3i0H6K,Wendie,Hitzke,whitzkei7@deviantart.com
003500va1EOI0NWd02,Bastian,Coots,bcootsgg@ning.com
003500VBW2FeR0K6uo,Farr,Gerhartz,fgerhartzgq@intel.com
003500Vo93GM8nBq9z,Jandy,Pignon,jpignonlb@reuters.com
003500WEyt13CtVgmT,Gennifer,Farnes,gfarnes4t@jugem.jp
003500WK7ukc8P5Zx6,Gordy,Zimmermeister,gzimmermeisteri4@umich.edu
003500x1kOs78Z17Xe,Hurley,Lambrechts,hlambrechtsav@com.com
003500X3S8Wj8U1T4Y,Omar,Forryan,oforryanpg@tiny.cc
003500X5kSCHJ36jnH,Shadow,Tunbridge,stunbridgedj@mayoclinic.com
003500x97FXeko1Ta4,Philippa,Clews,pclewsfm@themeforest.net
003500XAqDO7E7m3kT,Crosby,Harsent,charsentmr@dailymotion.com
003500z8Ei4f51iI1M,Charmion,McEntagart,cmcentagartow@statcounter.com
003500Zs6s2zj1bo7k,Bondy,Hendriks,bhendriks4k@army.mil
003500ZxiH49v8wXWi,Dall,Cubbon,dcubbonlo@cdbaby.com