id,email,role
003500M7Q93CKG2je2,shannigane0@qq.com,"user,administrator"
003500339Kgli7N5t9,lbentham1@shutterfly.com,administrator
003500oS7XRqSuGyQ2,lodoran2@51.la,administrator
0035003Xgg2dDhmjRB,bwhitley3@shutterfly.com,"accountant,user"
003500Sr76b5k8V6n7,bfrensch4@time.com,"accountant,user"
00350013N3k4H5ICng,hmatteris5@craigslist.org,"administrator,accountant,user"
003500RaRoz9F7h0E1,cstower6@dmoz.org,"administrator,accountant,user"
003500BGQMu6tBvkBO,mvanvuuren7@meetup.com,"user,administrator"
0035005L9L6il5M069,hghent8@loc.gov,"user,administrator"
0035008rcy57yumuP2,acare9@answers.com,"administrator,accountant,user"
0035000L19GUIxvc3Y,sfozarda@ibm.com,"user,administrator"
0035003O1qhXg6R870,mrawlinsb@dmoz.org,"user,administrator"
0035009iCQ14Zd8Ehu,eherrerosc@usatoday.com,administrator
003500N4AR9YgXz1bd,rwintourd@devhub.com,"administrator,accountant,user"
003500GOojWHIn4EOl,vstoade@japanpost.jp,"user,administrator"
0035008aXB7XKrPmP8,jpoorf@wunderground.com,administrator
003500gR8c9C6IMXj2,lkerkhamg@wisc.edu,"user,administrator"
003500uK0PAjW9keUp,jyureninh@dyndns.org,"administrator,accountant,user"
003500flk1N8d59J8O,mchoakei@sohu.com,administrator
0035005I6K3T3mFmtY,abalhatchetj@theguardian.com,administrator
003500OvvjQA6saV20,bvandenveldek@hubpages.com,administrator
00350098040043zVN8,grustedl@illinois.edu,"administrator,accountant,user"
003500F00np6ZIczKh,hahrendsenm@facebook.com,"accountant,user"
003500l3hW3o8G14uW,gaburrown@youtube.com,"user,administrator"
0035006Az5dq9S8h11,gsnalhamo@paginegialle.it,"user,administrator"
003500Y8z340Bu22bm,mmacourekp@apache.org,"accountant,user"
003500oNdm26460Oh6,doldeyq@w3.org,administrator
003500ydrQ42clsNBt,amacalindenr@economist.com,administrator
00350077Tns52dd504,gnunesnabarros@elpais.com,administrator
003500lVp9KJ4vFDvM,wbengought@clickbank.net,administrator
003500Q1THpJI1q4od,agreenou@domainmarket.com,administrator
003500U5s4v0k5M6zQ,whadrillv@wikia.com,"administrator,accountant,user"
0035009vArDME34yjO,llucasw@spiegel.de,"accountant,user"
003500I2JVj0e32rc6,mondrichx@sourceforge.net,"accountant,user"
0035006hLm2gnw9qBc,kprogery@washington.edu,"administrator,accountant,user"
0035006305els4r2Oa,jsiddeleyz@w3.org,"administrator,accountant,user"
003500uDsG2WCYNs3s,acopnall10@discovery.com,"user,administrator"
0035009y2VpvfwX5xX,tlamboll11@ameblo.jp,administrator
003500Nl3uv4dHh9p9,mcherm12@about.com,"user,administrator"
003500R71ql360rQB1,edyott13@apache.org,"administrator,accountant,user"
00350040xG4s8O0d97,mbecks14@netscape.com,"accountant,user"
003500Dx5pB3939316,rhannaford15@cmu.edu,"administrator,accountant,user"
003500683z71wcV98h,pcolton16@tmall.com,"administrator,accountant,user"
003500L2opLW35xtPz,hbernhardt17@phpbb.com,administrator
0035007Bo0aS32BJ45,lstandon18@spotify.com,"administrator,accountant,user"
003500fOugv88VcV16,hdorgon19@ifeng.com,"administrator,accountant,user"
0035008M0gEQ7tf84s,aring1a@webs.com,"administrator,accountant,user"
0035009S5V0F83IWEj,rdengel1b@fc2.com,"user,administrator"
003500rT74o9UceN26,lbatkin1c@slideshare.net,"administrator,accountant,user"
0035000TXz3w03I0LG,tsavell1d@xrea.com,"administrator,accountant,user"
00350092JBia5iO8KP,rspenton1e@bravesites.com,"user,administrator"
003500TOi9xMNM5699,pplank1f@ow.ly,"accountant,user"
0035002LqcCzE3H31U,mthynn1g@hugedomains.com,"user,administrator"
003500o7A9d4qPby31,btowns1h@go.com,administrator
003500fTITU7DGb30k,greinger1i@shareasale.com,"user,administrator"
00350046v93XyUfh01,lrutherfoord1j@examiner.com,"administrator,accountant,user"
003500j0yhN2s03RWS,fwharram1k@harvard.edu,administrator
003500VDN5i3NkoGOW,mganning1l@so-net.ne.jp,"accountant,user"
003500scrhJs1HqjIE,chaggidon1m@amazonaws.com,"user,administrator"
003500h4JFxVwEiFD6,tyeudall1n@apache.org,"accountant,user"
0035004a7wptJ4t96F,ndecruz1o@vimeo.com,"administrator,accountant,user"
003500O0yRL1y9KvQD,cgrandison1p@cargocollective.com,"accountant,user"
0035001WqvubXH4X50,gropert1q@unblog.fr,"accountant,user"
003500AsEpVJxOb9Qx,btutchener1r@biblegateway.com,"accountant,user"
003500BDIa153NYoMD,avanthoog1s@cyberchimps.com,administrator
003500Q51kh2LVX65V,jdelaci1t@jimdo.com,administrator
0035004iivu1Gw2G33,zalderman1u@yahoo.com,"accountant,user"
00350003aY7Gxy6S7z,ibullen1v@aboutads.info,"administrator,accountant,user"
003500cm9UM26A9bU8,ttuppeny1w@simplemachines.org,"administrator,accountant,user"
003500H6H2cdbS2fFZ,cower1x@wordpress.com,administrator
0035007kk5SX58ZKOz,rtindall1y@mapy.cz,"accountant,user"
003500Cj39nTG7BZ71,ghaggerwood1z@networkadvertising.org,administrator
0035006fuL40B1Yyjb,gjirasek20@gov.uk,"administrator,accountant,user"
003500uEoO3LAf359F,pconneau21@eepurl.com,"administrator,accountant,user"
00350043o14C9clCly,vshalders22@qq.com,"accountant,user"
003500FTtvKawXH41d,jpeschmann23@examiner.com,"accountant,user"
0035003rdPYx78xOcI,gnewburn24@opensource.org,"accountant,user"
003500k0ao15ExTl4Y,yclaiden25@cloudflare.com,"accountant,user"
003500lWD831KRT2qt,kksandra26@surveymonkey.com,administrator
003500s2n63T7422Tl,fshimwell27@fastcompany.com,"administrator,accountant,user"
0035000b1SfncoZGDd,alerven28@macromedia.com,"user,administrator"
003500QzsqP45hyRl2,fpetow29@oracle.com,"user,administrator"
003500NoX143wc0nZi,pbome2a@usa.gov,"accountant,user"
0035006m7mCVX2t9h7,jarrell2b@hp.com,"user,administrator"
0035005rpDObIEf7zh,mmcginnis2c@joomla.org,"user,administrator"
003500BV5gQ6VBzYID,vtryhorn2d@unc.edu,"accountant,user"
003500MJ8g855olhce,rjaouen2e@mit.edu,administrator
003500R2CFF8UZHKvG,nyallop2f@imgur.com,"accountant,user"
0035004P3qHJ2ETHz6,cmontgomery2g@walmart.com,"administrator,accountant,user"
0035003vwG00pU7KB6,afleg2h@amazonaws.com,"accountant,user"
003500689QgUW52WUQ,ntoderi2i@amazon.de,"accountant,user"
003500J2Zar50Y6xFU,whain2j@toplist.cz,"accountant,user"
003500w19O21j35cDi,shalvorsen2k@gmpg.org,"administrator,accountant,user"
003500V5GBRYFcVCF0,hduignan2l@myspace.com,administrator
003500vc1qylNjU7qb,dcressar2m@dailymotion.com,administrator
003500w93ohrIAHe0h,msivill2n@mysql.com,administrator
0035007Crh77lA618P,nsimons2o@wunderground.com,"user,administrator"
003500vwV8UWK8BXF6,rtreswell2p@de.vu,"administrator,accountant,user"
0035007sh0XhWOc0uG,lmalinowski2q@ifeng.com,"user,administrator"
003500M2cE7oe9NFUZ,nmaccoughan2r@diigo.com,"accountant,user"
003500LsE3WgES1STt,aprinett2s@paginegialle.it,"administrator,accountant,user"
003500rW0PlP1j33E3,sormonde2t@jalbum.net,administrator
003500D07gx51e0w49,cgrimstead2u@indiegogo.com,"administrator,accountant,user"
003500T425ag5q836N,rhendrikse2v@dot.gov,administrator
00350080ILlZGJ22zK,mlillford2w@ted.com,administrator
003500TQtpvoXQp1H3,gkniveton2x@usa.gov,"administrator,accountant,user"
003500IltcE351K71G,plarkkem2y@istockphoto.com,"accountant,user"
003500UVWe2t11d96D,gobrogan2z@ftc.gov,"user,administrator"
003500Ld4VTzDIuJi0,amitie30@imdb.com,administrator
00350038x1Q83nA5l6,tgavini31@artisteer.com,"administrator,accountant,user"
003500Ww4dl3Xu35f4,vpaddle32@ycombinator.com,"accountant,user"
003500oMXV4P569QRW,mcolleran33@gmpg.org,"user,administrator"
003500j7tuH99llaGq,mfearn34@dropbox.com,"user,administrator"
003500I52Ck42S66hx,twhittlesee35@guardian.co.uk,"accountant,user"
0035001O5jYk1YJw65,hsummons36@mit.edu,"accountant,user"
003500m4O17tFf15dh,dkynan37@merriam-webster.com,"accountant,user"
003500Tmrdg1d8kEHS,vbunstone38@who.int,"user,administrator"
003500LN5eoSW0mFKe,xkavanagh39@virginia.edu,"accountant,user"
0035003Y7JEM54A8iT,bskain3a@examiner.com,"accountant,user"
003500N85rmM1UV7gZ,cdahlman3b@multiply.com,"administrator,accountant,user"
003500mbTQl0I7Ixw0,adecullip3c@smugmug.com,"administrator,accountant,user"
0035007Z1fSX6Dk4rQ,jizkoveski3d@latimes.com,"administrator,accountant,user"
003500k4v23wk1Rk8x,mpennacci3e@facebook.com,"accountant,user"
00350029JrN3Uh23RO,kblevin3f@webmd.com,"accountant,user"
0035006Bp2tK6QXd25,bcornborough3g@homestead.com,"user,administrator"
0035006UA878E03l1A,dsilvester3h@fotki.com,"user,administrator"
003500BSC86k8J7g01,aebbotts3i@scribd.com,"user,administrator"
003500Ad7GvPk53W3d,jprudence3j@bluehost.com,"user,administrator"
003500e47qH2X3BBcW,lmulvin3k@hhs.gov,"accountant,user"
003500Xk03D69LZun2,kwoodhall3l@addthis.com,administrator
003500yP5dn79m6urq,jraisbeck3m@admin.ch,"user,administrator"
003500u3xBl6Uw4L7m,misenor3n@hao123.com,"user,administrator"
003500dxuF5cwjp07h,asugden3o@opensource.org,administrator
003500MC738MVUb81b,atinkler3p@cnn.com,"accountant,user"
0035007zG2HV32Eh32,hgleadhall3q@blogs.com,"user,administrator"
0035008IbR14se9TD9,jjecks3r@state.tx.us,administrator
003500Vw9xrDldby32,wtompkiss3s@mysql.com,"accountant,user"
0035006DD2hq03LTUT,mmatusovsky3t@netscape.com,"administrator,accountant,user"
003500eslU3A7Fj7G3,gmarran3u@ebay.com,"accountant,user"
00350084uo886DHrDb,apernell3v@ezinearticles.com,"accountant,user"
003500a42212d5W826,ediamond3w@1und1.de,"administrator,accountant,user"
0035004yKP4zzWisjH,mbergstram3x@google.it,administrator
003500L3KvJ13l7YIS,abankhurst3y@chicagotribune.com,"accountant,user"
003500JbbH76Od1Tea,fulyatt3z@macromedia.com,administrator
003500mMxW25G2R7QZ,wellcock40@cdbaby.com,"administrator,accountant,user"
0035002aAowk63QeJO,dborit41@soundcloud.com,"user,administrator"
003500P9pODuN0jwtI,jcorde42@altervista.org,"administrator,accountant,user"
0035000tS8hz8AAlRg,gmoorcroft43@joomla.org,"accountant,user"
003500MuNq358WbRs7,qcombe44@rambler.ru,"administrator,accountant,user"
003500p6D3p0DWBa6O,lvedyaev45@tripod.com,"user,administrator"
003500rbHRuu2zrAR2,pepiscopi46@nih.gov,"user,administrator"
0035007d5ifYxgSYSh,iwybern47@guardian.co.uk,"administrator,accountant,user"
003500tuUshz0KLxs9,mspencock48@about.me,"user,administrator"
0035006nK6uUMMk0Dg,ldivis49@ovh.net,administrator
003500KQcx1XK81UIW,hary4a@businesswire.com,administrator
003500N71o4owF86pt,lconnow4b@facebook.com,administrator
0035008SZC9q6QjTdZ,plindro4c@ifeng.com,"user,administrator"
003500v5o9O8C42L2q,jflode4d@twitpic.com,"accountant,user"
0035006D3IuA7O0fsS,rbengoechea4e@weibo.com,"user,administrator"
003500Z9Z4H9vD1m07,pguierre4f@java.com,"user,administrator"
003500yYfKRIdkZAwK,cgoldingay4g@yandex.ru,"accountant,user"
003500q3th00hlURA0,phallbird4h@discuz.net,administrator
0035006fDg6DFSm34e,gmarron4i@google.ru,administrator
003500ka7t61oU0n9B,lnunnerley4j@comsenz.com,"administrator,accountant,user"
003500Zs6s2zj1bo7k,bhendriks4k@army.mil,"administrator,accountant,user"
003500Y0MEoDP7VLb9,wduckerin4l@wix.com,administrator
003500EAt2wyw3IIgI,agerant4m@businessinsider.com,administrator
003500diigi29cu2vY,wpercy4n@wiley.com,administrator
003500q9u08pt23wW0,nrolf4o@europa.eu,administrator
0035007Ygt061hD3I4,rclausius4p@fastcompany.com,"administrator,accountant,user"
003500vd2P39uD9A9F,bdudny4q@chronoengine.com,"accountant,user"
0035001Biv15iSBQ77,ibrymham4r@scientificamerican.com,"user,administrator"
0035007u37z527zb2B,aluke4s@stanford.edu,administrator
003500WEyt13CtVgmT,gfarnes4t@jugem.jp,"user,administrator"
0035002vJ4t6FuiEhl,aflaunier4u@clickbank.net,"administrator,accountant,user"
0035004B752NfIz8xh,dtadman4v@nasa.gov,"administrator,accountant,user"
003500T07914RnCD1g,rgarrand4w@answers.com,"administrator,accountant,user"
003500z929rT188Ihv,hcourtier4x@list-manage.com,administrator
003500v941LL10YNMG,ygierhard4y@google.fr,"administrator,accountant,user"
003500I6qGE48t5Fn2,hirwin4z@wikispaces.com,"accountant,user"
003500856OnMVb4D0Y,kenrich50@mozilla.org,"administrator,accountant,user"
003500t61dK52Zj1Zb,schillcot51@elegantthemes.com,administrator
003500GQ2c0731aT97,cclemas52@earthlink.net,"accountant,user"
003500log9I3624a0G,lmeany53@com.com,"administrator,accountant,user"
00350072n2l4n3qGn3,agrayling54@irs.gov,"administrator,accountant,user"
0035002AiPES5C5D76,mgrover55@plala.or.jp,"administrator,accountant,user"
0035006KUqtc29t6wY,vpickford56@mac.com,"accountant,user"
003500MAf5FNFoUTtf,ebarttrum57@newsvine.com,"accountant,user"
003500dg4X5NO3N7sU,lfeldmark58@bravesites.com,"user,administrator"
003500lc4Tsyt8mqcm,imaccracken59@mayoclinic.com,administrator
003500vwnqy800Ml35,hfrick5a@purevolume.com,"user,administrator"
00350057vCb4sc4301,teilert5b@bbc.co.uk,"user,administrator"
003500913ZDix7s5h3,lsantus5c@disqus.com,administrator
003500A39T12EAwfje,idyson5d@addthis.com,"accountant,user"
003500OC3sNU3pyrrG,pperroni5e@mayoclinic.com,"user,administrator"
003500flQfOQxu3uFR,kmcneely5f@fc2.com,administrator
003500Un2g7d0CIV64,jmckeaney5g@blog.com,"administrator,accountant,user"
003500h5TGE5Q56Cl9,khume5h@berkeley.edu,"user,administrator"
003500Y15Z1x0le33v,gdejuares5i@example.com,"accountant,user"
003500L7vJvQZSfiU2,froggerone5j@linkedin.com,"accountant,user"
003500uY9q3SmRn44F,cducket5k@moonfruit.com,administrator
003500P7ImOR6r5WDT,kkunneke5l@comsenz.com,administrator
003500UYuJiK726qJ8,torgen5m@angelfire.com,administrator
0035002460CKF72695,kgobeau5n@seattletimes.com,administrator
003500C822642I6m6w,tblankenship5o@mashable.com,"user,administrator"
003500UXAT931P60Lv,fprenty5p@shutterfly.com,"user,administrator"
003500dqD85T7dGlFB,lspavon5q@prweb.com,administrator
003500Q7t0aJLhkP17,mhopfer5r@fc2.com,"user,administrator"
003500RH41JjfM84YG,smcallen5s@wikimedia.org,"user,administrator"
003500AW6l0t814Izh,ebysouth5t@yale.edu,"user,administrator"
003500P4JBAE7H0NuX,dpennone5u@merriam-webster.com,administrator
003500BEE1Ho6ME0PZ,xmacguffie5v@stanford.edu,"administrator,accountant,user"
0035004i5JgdLX89W7,dpossel5w@si.edu,administrator
003500h2F6bdOlI33z,apritchard5x@bravesites.com,"user,administrator"
003500V5ttgzfwq53W,bchaplain5y@nba.com,"administrator,accountant,user"
003500w2C2Cp536aWt,kearle5z@studiopress.com,"user,administrator"
003500oLKL95OQC2K2,nhardstaff60@seattletimes.com,"administrator,accountant,user"
00350053e63OZfRP60,vbendell61@wiley.com,administrator
00350086XAOlm5X11w,crugge62@illinois.edu,"administrator,accountant,user"
003500InKbEnCUG58r,ssiggins63@ft.com,"accountant,user"
003500S9LKFd3u5Mz4,bfromont64@qq.com,administrator
00350086q3Y3ET68Yp,lvalintine65@samsung.com,"accountant,user"
003500XE2ZuoB4LDVg,gdur66@quantcast.com,"user,administrator"
003500II4Rf3V6XMmL,bgillbee67@ftc.gov,"administrator,accountant,user"
003500JTc5050dCvcU,mhutchens68@jimdo.com,"user,administrator"
003500F082Z3r3MJ2S,evella69@auda.org.au,administrator
00350031Kld8yClXC7,nmaybery6a@businessweek.com,"administrator,accountant,user"
003500fgWvb2967PZ2,iheisman6b@w3.org,"administrator,accountant,user"
003500Oso0dLmOA649,pskoof6c@tripod.com,"administrator,accountant,user"
003500N29qETM6vgCZ,rarnett6d@home.pl,administrator
003500LP1c4AB8FEke,cpatington6e@amazon.com,"user,administrator"
003500Rqwk2MWbuy8t,dsibbson6f@icq.com,"accountant,user"
00350069eVKyJMB91h,proger6g@sohu.com,administrator
003500xde9K8qos2B0,vcaras6h@yelp.com,"user,administrator"
003500hu7nSC08ap4A,dmaunton6i@disqus.com,"administrator,accountant,user"
003500W6n7zG9eOmxM,mpresnall6j@csmonitor.com,administrator
003500xjkifEGsc177,arowet6k@skyrock.com,"user,administrator"
00350098bBJpI0tOEo,lburfoot6l@tinyurl.com,"administrator,accountant,user"
003500UaQAZbl2Td7d,sbettison6m@tinypic.com,administrator
00350096R1tGJKl884,arenne6n@redcross.org,administrator
0035009QYRaSHZxqQW,kcrampsy6o@usgs.gov,"user,administrator"
003500NwVjvLuK2mH3,acrannach6p@ovh.net,administrator
003500395RWMk34B95,eyakunkin6q@weibo.com,administrator
0035002vLukDdG6e9P,cdengate6r@ocn.ne.jp,"administrator,accountant,user"
0035005U0LL59bs4pt,acharlin6s@cbsnews.com,"user,administrator"
00350018qAt9pmP9ON,tcree6t@ebay.co.uk,"user,administrator"
003500KW63uRwRLkv9,gstoneham6u@fc2.com,"accountant,user"
003500GWA45mF6GfWt,sbroune6v@spiegel.de,administrator
003500A1eIRd6B5s57,abortolotti6w@goo.ne.jp,"administrator,accountant,user"
003500T4wyk7WU9j4p,ssherrett6x@uiuc.edu,"user,administrator"
003500J0L3E6j3CNfZ,mgheorghie6y@skype.com,"user,administrator"
003500TjX1Z09Sa135,lcortez6z@cornell.edu,"accountant,user"
00350039Bj8eVuc657,vperren70@mayoclinic.com,"administrator,accountant,user"
0035003c3jT2tlJtI5,jbaudrey71@cafepress.com,administrator
003500mFZeu1edNk2l,ablay72@abc.net.au,administrator
003500OKDWwg91bEgW,dantat73@mozilla.org,administrator
003500nRdG2sp05ioj,bhitscher74@kickstarter.com,"accountant,user"
003500hI7Cp4q74NmM,ltinker75@nsw.gov.au,"administrator,accountant,user"
003500En0uYVN74XCE,gshane76@walmart.com,administrator
003500se14JmU32YhW,rdomanski77@storify.com,"user,administrator"
0035001L6Rp0Pf25dG,pseyffert78@topsy.com,"administrator,accountant,user"
0035000ytHv6vCrUoi,stift79@mapy.cz,administrator
003500V4goNW9WdiL6,mkoschke7a@adobe.com,"accountant,user"
003500rJLf39z312O0,jlancley7b@myspace.com,"administrator,accountant,user"
003500m3jjR3S8d408,plukas7c@behance.net,"user,administrator"
003500F3HusU9PiDxb,kperotti7d@cdbaby.com,administrator
0035001tu4eJNs2wwp,bpaffitt7e@xinhuanet.com,"user,administrator"
003500WNCFa8i9mLD8,bstandell7f@blogspot.com,"accountant,user"
003500j12IospCgI2a,tcanada7g@free.fr,"administrator,accountant,user"
003500hwIE9I5jWi7b,lelsey7h@wisc.edu,"accountant,user"
0035003ZVpsNlpn40V,bgiamo7i@webeden.co.uk,administrator
003500vNk009Y7d355,cdeuss7j@dot.gov,administrator
003500pmFONlsf3bAe,dgarnson7k@facebook.com,"accountant,user"
0035009wUDRKg75Cfr,imccartney7l@barnesandnoble.com,"accountant,user"
003500BvqRZqf3oA6a,chenri7m@state.gov,"user,administrator"
0035004ik1s0svcOcT,wrenard7n@amazonaws.com,administrator
003500igfHdh18x7dV,fsabbins7o@cdbaby.com,"accountant,user"
003500wL16l6fSv4Hd,gbrazur7p@epa.gov,"user,administrator"
003500zFesH2wD60xW,stownend7q@nytimes.com,administrator
003500UapYfMDceIGr,knovotne7r@smugmug.com,"user,administrator"
0035006HKo3OTa0k7J,nfishbie7s@java.com,administrator
0035002s7Nq05EF8xD,vgrossier7t@aboutads.info,administrator
003500NNi20dX5N48B,smcwhinnie7u@usnews.com,"administrator,accountant,user"
0035006W1b63W58xDD,ppeepall7v@imageshack.us,administrator
003500dH1x9pVtV26u,apittway7w@addtoany.com,"accountant,user"
003500ahT05CviC39Z,ufloodgate7x@nydailynews.com,"accountant,user"
003500aum78SWcKyze,dwant7y@usda.gov,administrator
003500a5aJ1C4HX9WT,rrosenstock7z@bigcartel.com,"administrator,accountant,user"
0035009a1f11C9aVaU,dcrockett80@sitemeter.com,"administrator,accountant,user"
0035005Pz9N3OsIw9S,sswindon81@quantcast.com,"administrator,accountant,user"
003500aI5YD5CG9V00,bfeakins82@discovery.com,"user,administrator"
0035008TA9yOys0041,bbattlestone83@eepurl.com,"user,administrator"
0035003Fl137Q3d3qv,csemiraz84@nytimes.com,"administrator,accountant,user"
003500gA6JnVljQ6C8,rruddell85@jigsy.com,"accountant,user"
0035006J26t0jIB697,gseville86@auda.org.au,"accountant,user"
003500j8Zk5Ut311Yr,boats87@fc2.com,"user,administrator"
0035003QdbQV5ACTe8,choulton88@irs.gov,"administrator,accountant,user"
003500Ao4iXrcpDurV,ssouch89@skyrock.com,administrator
003500uC3ZpVOyL2tH,dwilman8a@icio.us,"administrator,accountant,user"
003500n0gb8ie40bb8,ifayne8b@live.com,administrator
003500J68QFWrf7IWP,akobus8c@tripod.com,administrator
00350089PyAWZ0esRx,jtewnion8d@alexa.com,"administrator,accountant,user"
003500cShFUm3ac4gQ,bszymonwicz8e@wufoo.com,"accountant,user"
00350001YmW09QK4zA,rsealy8f@reverbnation.com,"accountant,user"
003500dJ715Xcp7LAk,tmcnaught8g@uiuc.edu,"accountant,user"
003500N2zvLyaFQ82q,dcrighten8h@joomla.org,"accountant,user"
003500re29J3351kf9,mmonelli8i@live.com,"administrator,accountant,user"
003500o3sS96o99I43,cyanov8j@amazon.de,"administrator,accountant,user"
0035007wc9l8dg3z6c,cthomson8k@friendfeed.com,administrator
00350039yX48I6VkE6,ctreneer8l@live.com,"user,administrator"
0035007MEGFS38N55F,lglasscott8m@tinyurl.com,administrator
003500pMgt8vx52NOc,ojewster8n@vistaprint.com,"administrator,accountant,user"
003500m8fqulK0dAm2,amcnair8o@a8.net,administrator
003500G74Gl81jIz88,mstave8p@goo.gl,"administrator,accountant,user"
003500AvnQ8h9sqtu2,cchadwin8q@newsvine.com,"accountant,user"
003500173HM3eL5fTX,ajosovich8r@npr.org,administrator
003500RUqMvos4Nfr1,mfeldheim8s@hao123.com,"user,administrator"
003500Bd683eeSnZi9,jkneebone8t@sciencedaily.com,"user,administrator"
003500LJ3eRQiwh8v0,wfargher8u@narod.ru,"accountant,user"
003500T5fqoOt140A8,nmarjoribanks8v@mtv.com,"administrator,accountant,user"
003500atxqDjOhTlG4,awalsh8w@live.com,"user,administrator"
003500i2eMbdi03ylb,egricewood8x@liveinternet.ru,"administrator,accountant,user"
003500O695RaO6b8k0,mlarder8y@so-net.ne.jp,"user,administrator"
003500viI6n6i7ow17,mgregg8z@fda.gov,administrator
003500HvlMlTis3sMo,rmethingam90@fastcompany.com,"user,administrator"
003500A8iV9tJQ68A5,swogdon91@freewebs.com,"user,administrator"
003500HlE3SYSfR06T,bdownie92@hatena.ne.jp,"accountant,user"
0035009pspHe8rho3g,ctraynor93@dailymail.co.uk,administrator
003500pvAqq5ZlWD18,egymlett94@cdc.gov,administrator
003500tMWa6hLSZR7s,rgouldie95@mail.ru,"administrator,accountant,user"
00350011T0WQN6L892,lbolingbroke96@washingtonpost.com,"accountant,user"
003500JZPp11t1JvtL,hruste97@stumbleupon.com,administrator
003500B3a6aixUq68F,sriguard98@bloomberg.com,"user,administrator"
003500xCzSIKo3g6Zp,wkauschke99@wikimedia.org,"administrator,accountant,user"
003500MFEp0i330gOJ,vmcdermid9a@google.ca,"user,administrator"
003500aXNQm6foM9I3,preboulet9b@paginegialle.it,"accountant,user"
003500Zyd0gg2ikv52,bstrettle9c@chronoengine.com,administrator
003500I5sFZp2866fG,mlody9d@free.fr,"user,administrator"
003500ecp978m2TL64,aklainman9e@clickbank.net,administrator
003500b2dh3V1YOw6t,hfleet9f@deliciousdays.com,"user,administrator"
00350022Ue6a0fpQHC,lcutler9g@spotify.com,administrator
003500WKc2KN176k85,gpercy9h@tuttocitta.it,"user,administrator"
003500QQM481GZ3NFj,fstenyng9i@independent.co.uk,"accountant,user"
003500zBujWw21I36n,awoodnutt9j@plala.or.jp,"accountant,user"
003500K4u90zgQ7h9A,fballoch9k@icq.com,"accountant,user"
0035001zMjJu1E8KPd,rharsant9l@state.gov,"accountant,user"
003500M78lp53csb0X,hdanneil9m@biblegateway.com,administrator
0035001tt3BBU244ge,mlumpkin9n@gizmodo.com,"administrator,accountant,user"
003500P5ys6aJwkuoN,bgooley9o@instagram.com,"user,administrator"
0035000Lx0iLE6todJ,nbembrick9p@epa.gov,"user,administrator"
0035003rtMAN8hxEMr,lyateman9q@google.com.au,"user,administrator"
003500kmv5rNGZ9rq1,dtomczynski9r@dyndns.org,"administrator,accountant,user"
003500uIYQTB26kwnB,dluce9s@meetup.com,"user,administrator"
00350058dSB2Z93Oyy,amaddock9t@cornell.edu,"administrator,accountant,user"
003500wiiA2ziXS033,gdust9u@networksolutions.com,administrator
003500g1I2j9g6nEVM,mstammers9v@123-reg.co.uk,"user,administrator"
003500MauCd2t5Vt33,ebruford9w@shutterfly.com,"administrator,accountant,user"
00350026J6V0AWLsd2,eavey9x@unblog.fr,administrator
003500ZZbw99bMj0JS,wgillmore9y@mac.com,"administrator,accountant,user"
003500tbLnm7H78RLQ,nmcgeechan9z@pcworld.com,"administrator,accountant,user"
00350062Z0x939pqC8,obellisona0@hostgator.com,"accountant,user"
0035002ly2fYan8V5J,rwhinneya1@hud.gov,"administrator,accountant,user"
003500Z5VY6kYsI5LJ,pmountforta2@zimbio.com,administrator
003500n77Oy1O8uXuO,cbartlama3@independent.co.uk,"accountant,user"
00350084ZF3p08X4fS,crobbinsa4@google.it,"user,administrator"
0035003nK33vU0y5vS,jbuttsa5@imageshack.us,administrator
003500i3DmdB6MVBr0,ktrousdella6@devhub.com,"user,administrator"
0035009XtDO64w1w2m,fbroua7@com.com,"accountant,user"
003500st68p4seDPXf,rpatrichea8@netvibes.com,"user,administrator"
003500888a2jQtQBS6,gtuckwella9@nasa.gov,"accountant,user"
0035006O8qH5W8AA3Z,ckillbyaa@miitbeian.gov.cn,"administrator,accountant,user"
0035008rYt02UMKZ8A,wclaysonab@scientificamerican.com,administrator
003500K4MLeS60SHJ6,acroyac@businesswire.com,administrator
003500v1G6SHz76Hy4,fbrazenorad@dyndns.org,"administrator,accountant,user"
003500v7PpUn8jggx1,sscarletae@harvard.edu,"user,administrator"
003500Z8iPgFVm3L5D,jmercyaf@squidoo.com,"user,administrator"
0035003ZSN3EjT1Dln,astartag@blinklist.com,"administrator,accountant,user"
003500DbcXaJe64OE7,aseagoah@smh.com.au,administrator
003500BPrAV0l3Os4g,ssatterleyai@nifty.com,"administrator,accountant,user"
003500LAoKnK9c4O2w,mcozbyaj@aboutads.info,"accountant,user"
003500nriRxYFLNUNR,ahailstonak@google.co.jp,administrator
0035000AQ51SGIUaIJ,adrifeal@dagondesign.com,administrator
0035008h44XwbE21N8,ttrewhellaam@weibo.com,administrator
003500IUQv80JmV4RS,sisaakan@ebay.co.uk,"administrator,accountant,user"
0035008K7zi1d12Y4E,ssigmundao@hibu.com,"administrator,accountant,user"
0035001rkz6EFX7eAg,acicceraleap@oaic.gov.au,"user,administrator"
0035009ebQVW06smS4,bheinriciaq@bizjournals.com,administrator
0035004CsBQ84jtADN,dmannar@wufoo.com,administrator
003500K9xL4gf1k8MV,tscrivineras@oracle.com,"accountant,user"
00350098rfLkUlL4vM,stweddellat@jimdo.com,"administrator,accountant,user"
00350015ExSP93wyqy,tgriptonau@squarespace.com,"administrator,accountant,user"
003500x1kOs78Z17Xe,hlambrechtsav@com.com,"administrator,accountant,user"
003500xw1W1u0ZGqaL,dcroweaw@blogtalkradio.com,administrator
0035001IvBl058a0uR,gbrigmanax@hud.gov,administrator
0035008tOwSsU7F6kx,cfaradayay@wordpress.org,"administrator,accountant,user"
0035004x8a8zs4EA1F,abinningaz@mozilla.org,"administrator,accountant,user"
003500x4YZ2ccPNiF0,rmurthwaiteb0@mac.com,"user,administrator"
003500384Mno4Y0urE,cgarricb1@free.fr,administrator
0035002XykHpV9Iw1i,yruminb2@github.com,administrator
003500RmS3c5H433aB,agookb3@youtu.be,"accountant,user"
003500oF1GvWfa2E2A,gbillob4@desdev.cn,administrator
0035005WQA540B6q36,ysolab5@washington.edu,"administrator,accountant,user"
003500rN9g8Wa4yf6U,mpeekevoutb6@cisco.com,administrator
003500g2DxQOpBtXp7,bblainb7@utexas.edu,"administrator,accountant,user"
003500B30gxJz6HLkg,rfellosb8@dropbox.com,"user,administrator"
003500Y3TSu0Us0pQX,ddearingb9@smh.com.au,administrator
003500332fMyiW4bSr,tbohlingba@earthlink.net,"user,administrator"
003500a1HStQ3n7Q1P,mbrigdenbb@php.net,administrator
00350021Bf8xXV1399,lyukhninibc@opera.com,administrator
00350072Fu4z80YkJb,trudebd@ustream.tv,"user,administrator"
0035009TKe2TX5O400,habelabe@blogger.com,"accountant,user"
0035006g3DrEuX1irY,secclesallbf@ow.ly,"user,administrator"
0035004Ocxfpy8d1PR,mdumphreybg@mozilla.org,"user,administrator"
003500bcSG2KOnXTYZ,ekuschelbh@usgs.gov,administrator
003500nk5Sw153L796,abroseniusbi@examiner.com,"accountant,user"
003500ou6m7nwoM97f,bfoskewbj@phoca.cz,"accountant,user"
003500z3gvw5rI7575,dlambillionbk@liveinternet.ru,"administrator,accountant,user"
0035009Hy8xWstsWZd,dmatthiusbl@economist.com,"accountant,user"
003500GrHQOL2gN4tk,taddisbm@instagram.com,"accountant,user"
003500s8xjcs5gSOp7,bglendzerbn@hatena.ne.jp,"administrator,accountant,user"
003500i0u6fS4TF5ob,jmulderbo@ftc.gov,administrator
0035006OEqU5BM8iIU,gshorterbp@arstechnica.com,"user,administrator"
00350050FU62h93L2Y,lferberbq@marriott.com,"user,administrator"
003500RM8KG5TuAj18,amcffadenbr@bigcartel.com,"accountant,user"
003500UwMRXAT27ijt,wtamblynbs@merriam-webster.com,administrator
003500dkfZapy8p1k6,vpaoluccibt@bbc.co.uk,"user,administrator"
0035000cR0E2vOfV9I,bbiffinbu@twitter.com,"accountant,user"
003500lR3NlUoOYb4T,tbrighambv@wikipedia.org,"user,administrator"
003500l9pSvTJJtAJ1,ysalleirbw@plala.or.jp,"administrator,accountant,user"
003500tnz21UQ3nFgg,vdavidoffbx@delicious.com,administrator
003500Z83a5bEctq30,ltappby@amazon.co.jp,"accountant,user"
003500gDN711iM7wUw,bhalbeardbz@clickbank.net,"user,administrator"
003500s56Sn5342hl2,sdyottc0@skyrock.com,"administrator,accountant,user"
003500J0I0Hp2ZIjXJ,bellacombec1@yellowbook.com,"user,administrator"
003500dC1uSg7AVxO5,aearpec2@newyorker.com,administrator
0035000cct2du76PK6,zbarberyc3@cmu.edu,"accountant,user"
003500r92x0JB68FrW,susherc4@chron.com,"administrator,accountant,user"
003500il37mIF4FgH7,lkaygillc5@loc.gov,administrator
003500fH0wu7I96wPy,pbertomec6@diigo.com,administrator
003500OxsizVzz30DU,omcphatec7@1688.com,administrator
0035004b80lnYawf8v,achidwickc8@jimdo.com,administrator
003500emxykY34PTXp,jgahanc9@wikimedia.org,"accountant,user"
003500N2B93XlWF0jB,bschwiesoca@sfgate.com,"accountant,user"
003500Ss682eYL8Jb8,ckinnarcb@sciencedaily.com,"user,administrator"
0035005E90RTRaRZFi,wcoombecc@desdev.cn,"user,administrator"
003500mL8Wjgj0YOiT,sduredencd@acquirethisname.com,"accountant,user"
003500CmJDUy2Z0y25,ebelmontce@smugmug.com,"accountant,user"
003500HqJvkA1hs98g,jbignoldcf@qq.com,"user,administrator"
0035009po7cNb44080,msheptoncg@constantcontact.com,"accountant,user"
00350098w3Oci5LXFK,fmcilwainch@adobe.com,administrator
003500T4nG07oeszvc,mstinsonci@google.es,"administrator,accountant,user"
003500j1TnE9R6VFC2,dmolancj@quantcast.com,"user,administrator"
003500tu83uv0QMijI,pdahmelck@netscape.com,administrator
003500O4Vw8mX97YAT,pginglellcl@nymag.com,administrator
003500eX85gHI1SFtP,gfranzonetticm@wiley.com,"user,administrator"
003500KYwZ7bGySsY7,ofloricn@over-blog.com,administrator
003500fx8rnDC6ws8x,stwamleyco@hp.com,administrator
003500VLReF3KzVS8l,nbravingtoncp@businessweek.com,administrator
0035001191jYWL583y,rbeswetherickcq@msu.edu,"user,administrator"
003500A24o2PH8GIw0,dwoontoncr@sohu.com,administrator
003500w6yaXe7E2P8f,iivanchenkovcs@oaic.gov.au,"accountant,user"
003500iKoiifIO24fw,vdongatect@utexas.edu,"accountant,user"
003500Lb6uVG7YKA0g,ddebruynecu@multiply.com,"administrator,accountant,user"
00350072m74A3t32p9,psimonycv@wikimedia.org,"administrator,accountant,user"
00350045A3bKaTMsTg,pwardellcw@forbes.com,"user,administrator"
003500oVL7G00f8Z03,cgussincx@qq.com,administrator
0035001gDF3Kx16TKI,mstorrescy@github.io,"administrator,accountant,user"
00350005025X71HuU7,mreynaultcz@wisc.edu,"administrator,accountant,user"
00350077276mVu8zlf,kdenersd0@taobao.com,"user,administrator"
0035002f4phh10J135,qiacopinid1@icq.com,"accountant,user"
003500jfvOM6nIc8aO,sleaderd2@telegraph.co.uk,administrator
003500iz89fu9331OX,lmonkd3@mashable.com,"user,administrator"
003500YG19aOSPOLB7,tchateaud4@constantcontact.com,administrator
00350016n29oo4khP8,krubicad5@youtu.be,administrator
00350064p57IY8xO37,llibbyd6@cdbaby.com,"administrator,accountant,user"
003500BX64bY9H09ay,lpellewd7@ustream.tv,"user,administrator"
0035009uSP25tlv1Kb,jgonetd8@hhs.gov,"user,administrator"
0035000WTotT1hZdzj,ajoselevitzd9@elpais.com,administrator
0035004ESVD6x3N2VZ,bquartleyda@1688.com,"user,administrator"
0035004CZ55874dM8f,acresardb@unesco.org,administrator
0035004lWT0bi8Mb02,pgounoddc@bizjournals.com,administrator
00350081HVSkl56w2f,eswetlanddd@wiley.com,"accountant,user"
0035004292uOsx1LUZ,djaimede@nyu.edu,"administrator,accountant,user"
003500e7SM5I5QFh54,hcowlasdf@google.pl,"user,administrator"
00350057T1U2n8Zl6G,gpuckinghornedg@hugedomains.com,"accountant,user"
0035008Xw4lPx20b1P,bocloneydh@topsy.com,"administrator,accountant,user"
00350021ei88r120kN,vstanwixdi@canalblog.com,"user,administrator"
003500X5kSCHJ36jnH,stunbridgedj@mayoclinic.com,"administrator,accountant,user"
0035008OPxC0Y4t2yT,skeransdk@sogou.com,"accountant,user"
003500QA4N9Q7mw8p9,jduferdl@freewebs.com,"accountant,user"
003500NnIU0YurGi5R,rgookedm@opera.com,"user,administrator"
003500FM733bKpykUb,ayieldingdn@123-reg.co.uk,"administrator,accountant,user"
00350025fH3m382U5i,iroothamdo@example.com,"administrator,accountant,user"
003500q0w5kgaPd90p,svlasenkodp@upenn.edu,"administrator,accountant,user"
003500rylCQjOkE03s,celtringhamdq@t.co,"accountant,user"
003500q9132n07K0BV,amacgaugheydr@tinyurl.com,"accountant,user"
003500Zb16u5ZC2lXI,amcclellandds@dmoz.org,"user,administrator"
003500199Tm1DX32GC,bpiochdt@ed.gov,"accountant,user"
003500VxAlzwUzKErs,twaslindu@barnesandnoble.com,"user,administrator"
003500k9zTpN29wGts,lreckedv@cnbc.com,"accountant,user"
003500v405TS8Trvz2,msaldlerdw@elpais.com,"accountant,user"
003500S2H4s3T37yli,rscandritedx@amazon.co.jp,"accountant,user"
003500u08AyCR0d5T9,afosdykedy@altervista.org,"user,administrator"
0035000kfOAP3f6q86,ntunnickdz@youtu.be,"accountant,user"
003500NJM3uu4GfR17,gcheverse0@wired.com,"user,administrator"
003500I3aho217qNoL,ecazereaue1@squidoo.com,"user,administrator"
003500gt09EO29lWiF,cstimsone2@flickr.com,"administrator,accountant,user"
0035005103UXST65YO,nerbaine3@mac.com,"administrator,accountant,user"
003500l7tvrc9G4AR2,tdubarrye4@bigcartel.com,"administrator,accountant,user"
0035001Jt1iGE89Gli,csessionse5@unicef.org,"accountant,user"
003500S0sw0KdVX0Pc,sgiacoppolie6@yellowpages.com,"user,administrator"
0035009PxIE8XUl8iF,rayshe7@oakley.com,administrator
003500VWPf5Et2364l,acourtneye8@marketwatch.com,administrator
003500ZfFX1C6YsNML,aaspline9@mozilla.com,"accountant,user"
0035006G04CHGVr2Vo,tfeldkleinea@geocities.jp,"administrator,accountant,user"
0035001PuG4n7yop3Z,lrattereb@ask.com,"user,administrator"
0035007ck8vr313ojO,rroddellec@reverbnation.com,"user,administrator"
003500923Yd4sSY3V2,sbutterleyed@geocities.com,administrator
003500KIAOMVh037VR,dsaltwellee@mit.edu,"administrator,accountant,user"
003500Llpwq2ToWxx4,ilevyef@europa.eu,"user,administrator"
003500Ef5Gh03iE817,ooertzeneg@vkontakte.ru,administrator
0035000h075s0PFhf1,afisheh@soup.io,administrator
003500FRgwQW3ZbxfQ,grajchertei@instagram.com,"administrator,accountant,user"
003500oOwL2rC19O8A,rmcnultyej@ihg.com,"administrator,accountant,user"
003500FVbw1142fbq6,libbittek@gizmodo.com,"administrator,accountant,user"
003500Xh1xGI88tIby,tfitchewel@networkadvertising.org,"administrator,accountant,user"
0035006RWizoJy25w8,fgartellem@t.co,"user,administrator"
003500FJkUt0AYXQ50,sbarensenen@nhs.uk,"administrator,accountant,user"
0035004EUW2ZdF89I0,cbrumheadeo@amazonaws.com,"administrator,accountant,user"
003500c2yn019wihgL,hallwrightep@bbb.org,"administrator,accountant,user"
003500Ly5VNkbu83UL,fbohdeneq@google.ru,"administrator,accountant,user"
003500ct501GE609TH,erowleser@netvibes.com,"user,administrator"
003500kbDJo0lijHnW,mcoreyes@multiply.com,administrator
003500viWUPlNzMIxX,bpearcehouseet@fda.gov,"accountant,user"
003500d3Ksk85lPF6U,cvonderempteneu@disqus.com,"accountant,user"
0035007mxvk7w3sHym,llouisetev@hud.gov,"user,administrator"
00350043f8Q3Pf5rbA,ddominiqueew@ifeng.com,"administrator,accountant,user"
00350083eid2k0G9eC,hgodsmarkex@boston.com,"administrator,accountant,user"
003500X7utuDkbM969,aiuorioey@thetimes.co.uk,"accountant,user"
003500U4z30uZbB97W,hflockhartez@berkeley.edu,"administrator,accountant,user"
003500uo4a57f5zCt2,jjedrzejkiewiczf0@biblegateway.com,"accountant,user"
0035008x0aemD0c17B,adomelf1@chicagotribune.com,"user,administrator"
003500608Q65joyS1q,ldumbrillf2@foxnews.com,"user,administrator"
0035002YV3Rf7FolZ8,wcollinf3@foxnews.com,"accountant,user"
003500An3Wdvn9ittv,gearlf4@mapy.cz,"administrator,accountant,user"
003500MAdCt2669Asd,mtunnicliffef5@usgs.gov,administrator
003500bbxRG37v92nr,dgrumbridgef6@cbc.ca,"accountant,user"
003500h2NF1MT9oLyo,jpierpointf7@yellowpages.com,"user,administrator"
003500l8KpawYdjIt8,awoodhallf8@aboutads.info,administrator
003500eixePTfwZx6X,gthakef9@free.fr,administrator
003500T0hv35NAbLp2,knuddsfa@canalblog.com,administrator
003500q8ah18C8MHk7,mmurpheyfb@army.mil,"administrator,accountant,user"
00350056LDM77ssts6,groslefc@myspace.com,"accountant,user"
00350020b63yV5Sv13,kcorefd@youtube.com,"administrator,accountant,user"
003500Wvh5TBLB8hq1,emalyjfe@shareasale.com,"user,administrator"
003500NG12z9Nn3LU5,shaugerff@blog.com,"administrator,accountant,user"
003500BOYb5OEUH455,bjaniszewskifg@state.gov,"administrator,accountant,user"
003500sQ2ZIc647b3t,dlayingfh@senate.gov,"accountant,user"
003500pp3HpfT34N12,fstebbinfi@yellowbook.com,administrator
003500X5UpnF320gMu,sposkittfj@economist.com,administrator
003500g5Jg43GFKsZ1,blamymanfk@dot.gov,"user,administrator"
003500hqU1u5BZ4H0i,ecoathamfl@cam.ac.uk,"user,administrator"
003500x97FXeko1Ta4,pclewsfm@themeforest.net,"administrator,accountant,user"
0035004CU6GdQdtwqG,cpechetfn@pcworld.com,"user,administrator"
003500Kjvx0rqu1832,jashfullfo@vk.com,"user,administrator"
003500bR47Xie0ghKx,adogfp@networkadvertising.org,"administrator,accountant,user"
003500nc2Xik69RO7g,agierhardfq@opera.com,"administrator,accountant,user"
003500G13TipebHTQu,mhinschefr@com.com,administrator
0035005JDA8Jd38E42,mmckinlessfs@biblegateway.com,"administrator,accountant,user"
003500C9NOfM403gH7,nsacksft@howstuffworks.com,"accountant,user"
003500k37g84zehbdL,gclenchfu@yolasite.com,"administrator,accountant,user"
003500vPhe4u0a3788,tbunklefv@fastcompany.com,"user,administrator"
003500iEDx2VU4soUv,vvistefw@redcross.org,"administrator,accountant,user"
003500CUxN9p85z3n4,lewellsfx@domainmarket.com,"user,administrator"
003500n4rq9p7nlhcf,gprujeanfy@craigslist.org,"accountant,user"
0035004eKQRAhpr070,ealderseyfz@blogspot.com,"user,administrator"
003500QZuUuv21zf1J,tdyeg0@devhub.com,"administrator,accountant,user"
003500r84T4zkK8xb2,zsheahang1@mlb.com,administrator
0035005xklM0MO9Mgk,cmcauliffeg2@dyndns.org,"administrator,accountant,user"
0035000Y783ZSAnYFG,badcocksg3@cam.ac.uk,"user,administrator"
0035004dNrG87mlX6e,ssharrardg4@hexun.com,"administrator,accountant,user"
003500dtbK9U27abPM,ccaveeg5@ftc.gov,"user,administrator"
003500Mu9s1JN4Q6D1,dwhildg6@altervista.org,"accountant,user"
003500C6tp95RK3M4D,tselmang7@springer.com,"administrator,accountant,user"
003500Q2s1vEJ9Dw7K,mjelfg8@umich.edu,administrator
003500Y1Bj7CroGM24,dbouldsg9@tamu.edu,"user,administrator"
003500IX56rpt21Z4a,bbenainega@free.fr,"accountant,user"
003500P351IXnjF8bQ,efowgiesgb@cisco.com,administrator
00350042w9X544DjKy,twalczakgc@sphinn.com,"accountant,user"
003500L5V7Z0w7NbmS,ahuxhamgd@ameblo.jp,"accountant,user"
003500l5905y6nXfd1,rlasslettge@geocities.com,administrator
003500sez63H7OJY1R,cferrandezgf@wordpress.com,administrator
003500va1EOI0NWd02,bcootsgg@ning.com,"accountant,user"
003500jkqeMzsd50m5,polenanegh@hugedomains.com,"accountant,user"
003500Fs0pGtX87dJ9,hdolegi@acquirethisname.com,"administrator,accountant,user"
0035007iB1md1qM90m,kodoghertygj@flickr.com,"user,administrator"
003500e8ACd53JHn8V,tpauleitgk@live.com,"accountant,user"
00350026tH54R2sRj7,zwhewillgl@google.com.hk,administrator
003500LhRAcuwJxpBz,bvogelergm@newsvine.com,"user,administrator"
0035000s55b93o8m5y,aciciottign@ox.ac.uk,"administrator,accountant,user"
003500qia36V43b243,vocrevygo@a8.net,"accountant,user"
003500eKt6R27r8l5x,bfeatleygp@instagram.com,"accountant,user"
003500VBW2FeR0K6uo,fgerhartzgq@intel.com,"administrator,accountant,user"
0035000Z9WKBUgbT5C,vbearwardgr@disqus.com,"user,administrator"
003500U3isxh8Q4CdS,ualabastergs@liveinternet.ru,"accountant,user"
0035002LO49KgJ6teM,hbeeversgt@macromedia.com,"administrator,accountant,user"
003500udQ7PlQN09zb,nsimecekgu@irs.gov,administrator
003500VQUDKM9k30A5,eleglisegv@parallels.com,administrator
003500I223Zq5EiY24,cglencrossgw@youtu.be,"user,administrator"
003500D9Sz0d5HOCWk,jbaptygx@geocities.jp,"administrator,accountant,user"
0035007UJju1264C80,mdoswellgy@lycos.com,"administrator,accountant,user"
0035005IELslBkD1VX,tlabdengz@arstechnica.com,administrator
003500uXUb01Z9y6WC,elatheh0@google.de,"administrator,accountant,user"
003500WzAM7nZRf9k4,myuranovevh1@mapy.cz,administrator
003500T3i6B71Xnzd2,canstyh2@hostgator.com,administrator
0035004c4702Lyi9BA,lpaganh3@mlb.com,"administrator,accountant,user"
003500827ij2R58zkh,dfumagallh4@ehow.com,"accountant,user"
00350043DT52gs2gR6,ostaggsh5@nytimes.com,administrator
003500qLYLf2M9lEyh,dgilbertsonh6@miibeian.gov.cn,"administrator,accountant,user"
00350018fm2S7HiP31,lbampkinh7@bravesites.com,administrator
003500bZnpjVTw6QV5,dbarthelmeh8@t.co,"user,administrator"
003500rPjnGj552CWZ,cdmiterkoh9@un.org,administrator
00350072924f93r9V5,wchamperlenha@over-blog.com,"administrator,accountant,user"
003500P7p7u6pA6og1,jsumsionhb@google.pl,"accountant,user"
003500ufUoLLTA81dT,bhaseldenhc@oakley.com,"administrator,accountant,user"
003500oLbu9h0adfsY,khazeldinehd@ifeng.com,administrator
003500e3apjELX7021,egullimanhe@eepurl.com,"administrator,accountant,user"
003500BNWZ0iLhQwJ0,cbeldenhf@ftc.gov,"accountant,user"
003500awEL91cIa0Lp,tlesaunierhg@digg.com,"accountant,user"
003500TGW6oRyDpl0e,cdykahh@studiopress.com,"administrator,accountant,user"
0035002RrSg7SP3cAr,rbunhillhi@yolasite.com,"user,administrator"
003500LgR4ZpcMC74R,lgolsbyhj@topsy.com,"accountant,user"
00350075u1wq1qj6LT,shealyhk@ucla.edu,"administrator,accountant,user"
003500CsitiV9Ng54R,jtimmonshl@cdbaby.com,"accountant,user"
0035008761x27b27KF,ghasseklhm@ucla.edu,"accountant,user"
003500kQZ3n97UoR0b,estepneyhn@narod.ru,"accountant,user"
003500aZoa231CI2RN,bhaddonho@hp.com,"user,administrator"
0035001v2AN8mAaBQz,nsawfordehp@cloudflare.com,administrator
003500t378q1pFgjh7,cdevonporthq@skype.com,"administrator,accountant,user"
0035005cZP8a7zr8AT,ndradeyhr@networkadvertising.org,"administrator,accountant,user"
00350007juH5Vm1Vyc,tgluyashs@utexas.edu,"user,administrator"
003500LC9BODEiuTzm,emaddickht@pagesperso-orange.fr,"user,administrator"
003500yBam6Qk2tb0j,ijeynesshu@techcrunch.com,"accountant,user"
003500Jq51E0M32ZYx,wsterryhv@washingtonpost.com,"accountant,user"
003500GFd2XfP8J8LB,jkikehw@google.es,"administrator,accountant,user"
003500iHQrqr7fjfzy,cminchintonhx@last.fm,"administrator,accountant,user"
003500bz7XmcyvfIeA,astobbarthy@youku.com,"accountant,user"
003500P0s6k6UBz9e6,bfurnivalhz@alibaba.com,administrator
003500yYHEOOGs9ONJ,eandrzejczaki0@cisco.com,"user,administrator"
003500EaLU8y49c0dr,piannii1@kickstarter.com,"user,administrator"
003500KAD1Rg52jlA4,dkruschevi2@mapquest.com,"accountant,user"
003500rIzZWFcSYfZ4,sfleemingi3@cbc.ca,"user,administrator"
003500WK7ukc8P5Zx6,gzimmermeisteri4@umich.edu,"user,administrator"
003500LMBl7fiv20kH,egurneyi5@msu.edu,"user,administrator"
003500GN58r0v4M4fW,dcluelyi6@phoca.cz,administrator
003500V827eC3i0H6K,whitzkei7@deviantart.com,"administrator,accountant,user"
003500r3oyv6hD3LjX,uklementzi8@census.gov,"administrator,accountant,user"
003500P7FM1y5287iR,scanadai9@oaic.gov.au,"accountant,user"
0035005pgMY4hK8mqp,hstaggia@t-online.de,"administrator,accountant,user"
00350016770n2gBxVV,mhallaganib@cnn.com,"accountant,user"
003500ly0hIdyutxSG,mmcquillanic@ezinearticles.com,"accountant,user"
00350003Llb0LG95Dr,motteeid@last.fm,"administrator,accountant,user"
003500Op9n07IAC4zh,acicchelliie@blinklist.com,"accountant,user"
003500Y36ow688p0Ww,csnoddyif@jimdo.com,"user,administrator"
003500KIh3532wjCb9,jclayeig@addthis.com,"administrator,accountant,user"
003500Kk5dPSwsY16R,lpalingih@google.nl,administrator
003500guzYXbv26lDJ,hsomerledii@bluehost.com,administrator
0035003HiYoo1790Wu,carnaudonij@4shared.com,"administrator,accountant,user"
0035003HDNx6k1t809,nwoanik@bizjournals.com,"administrator,accountant,user"
003500RCkyB1119SP8,cetienneil@naver.com,"user,administrator"
003500I7W6UNK50r0L,ofirebraceim@163.com,"accountant,user"
003500Mgy862fHv4V9,dfontanetin@ed.gov,"administrator,accountant,user"
0035006aEC57SS6538,pgonzalesio@is.gd,administrator
003500M76Kvuu41N4w,kaleksahkinip@issuu.com,"accountant,user"
003500u7PXn913FHom,blarderiq@amazon.de,"administrator,accountant,user"
003500NKCSs2L9PHtL,jterbeckir@etsy.com,"administrator,accountant,user"
003500yWE2zQ0Q7y3Q,kmcgillivrieis@usnews.com,"administrator,accountant,user"
00350003rHTbZ7wrP7,swrateit@engadget.com,"administrator,accountant,user"
0035007753zIHQ04yM,ddragoniu@microsoft.com,"administrator,accountant,user"
003500K2Jq90BA3nG8,yricheliv@lycos.com,"accountant,user"
003500DGNs8zl8mC8F,hrumbellowiw@github.io,administrator
003500w0i76HMX4ce5,astaddartix@imgur.com,"user,administrator"
003500I40BOj6QDDE2,ghopewelliy@ycombinator.com,"administrator,accountant,user"
003500tkuecE22kmaO,ebernardiiz@quantcast.com,"administrator,accountant,user"
003500wis1sp7RSNYB,ayouellj0@live.com,"accountant,user"
003500z7HiN66M9tk4,cleathamj1@oakley.com,"user,administrator"
003500Q5iNi8CLgvJ3,phartshornej2@tinypic.com,administrator
003500u1q0gBF00Co3,dcurrinj3@vkontakte.ru,"user,administrator"
003500b7A24FJQp116,kfellowsj4@devhub.com,"accountant,user"
00350067Eyl9U0cl5F,imaclucaisj5@gnu.org,"user,administrator"
0035000Fmo0AVjuOei,smillardj6@facebook.com,"accountant,user"
003500bc4ln30oVsmw,hwreightj7@imdb.com,administrator
003500Z84V77TA6qR1,sbaccupj8@unc.edu,"administrator,accountant,user"
003500giiXfKQ6275u,sricardonj9@biblegateway.com,"administrator,accountant,user"
003500lf0Fklu0aZ7k,uklimochkinja@businesswire.com,"user,administrator"
00350078GPL10PwFZO,ffieldsendjb@npr.org,"accountant,user"
003500s0FzSieE3a8A,lhaylesjc@edublogs.org,"administrator,accountant,user"
003500ZSnJBdE9wMnA,hlanceleyjd@google.co.uk,"administrator,accountant,user"
003500tgRXqGOhf3Xv,mgoublierje@ezinearticles.com,"user,administrator"
003500z3SG22VKkltB,ciorizzojf@upenn.edu,"user,administrator"
0035000tNfQOU3289H,stytlerjg@csmonitor.com,administrator
00350057ZuUy9x33ZX,wtiemanjh@rediff.com,"accountant,user"
003500n3Ds5FtcNDR6,dsweynsonji@purevolume.com,"user,administrator"
003500M156J68NZa5f,rhagardjj@devhub.com,administrator
003500cI396o5jAMGr,mhansenjk@fotki.com,administrator
00350018wfzm6NTg48,mstentonjl@jimdo.com,administrator
003500hSRvM15mfUop,astephensjm@abc.net.au,administrator
0035007qbF107MM1c2,atatemjn@mit.edu,administrator
00350007xCfpuFSo9s,asedenjo@51.la,"administrator,accountant,user"
0035002775B05Ix217,cgoodchildjp@wix.com,administrator
003500WI444kFdT9vl,fhilldropjq@angelfire.com,"accountant,user"
003500Y95R8aHLye09,wbelchambersjr@gmpg.org,"user,administrator"
003500Dm4y3tywW57b,hcroneenjs@ocn.ne.jp,"user,administrator"
0035008IvQH4U13PBm,smorbyjt@google.es,"accountant,user"
0035006Y9Y1ozON1c4,emonumentju@blogtalkradio.com,"administrator,accountant,user"
003500v6cf69C4l7k6,asurfleetjv@ycombinator.com,"administrator,accountant,user"
00350049a5cED8sZfw,dboarleysonjw@stumbleupon.com,"accountant,user"
0035008p2i9OPJ0v79,ladamowiczjx@ifeng.com,administrator
003500jl2Cu84MiDRG,fstquintinjy@tumblr.com,"administrator,accountant,user"
003500Z0mrLA4fsJ6R,cnarisjz@weather.com,"administrator,accountant,user"
003500TC5IU5Oz8IJy,kingolottik0@chronoengine.com,administrator
003500nHP4QFwNgMt7,ahayseldenk1@timesonline.co.uk,"administrator,accountant,user"
003500e0vc1mo6uoyN,bszwandtk2@skype.com,"accountant,user"
0035008902hLR78BBL,rduplockk3@biblegateway.com,"administrator,accountant,user"
003500O7c8D93m16wE,mwheatlandk4@indiatimes.com,"administrator,accountant,user"
0035005Wi8miH01aJL,kmedforthk5@youtu.be,"user,administrator"
003500r0G8XeL7dP63,fstokellk6@state.tx.us,"accountant,user"
0035007IT665nUf58t,tworsnopk7@typepad.com,"administrator,accountant,user"
00350037b9Q9IdE9vw,marnaultk8@hibu.com,"user,administrator"
003500zaFsBws63pLj,fmingerk9@myspace.com,"administrator,accountant,user"
003500UcKabu6ZxHg5,rmityukovka@pcworld.com,"user,administrator"
0035002AIUlEMa6itq,gfippkb@amazon.co.jp,"administrator,accountant,user"
003500qsWZ4Zc9VU88,mgeraldikc@netvibes.com,"administrator,accountant,user"
003500y1n0D6tNV5U1,hdownerkd@4shared.com,administrator
003500Srgb6GY10LxE,khartgillke@ow.ly,"user,administrator"
0035003U9SMHPM1mAB,dkyberdkf@vinaora.com,administrator
0035007RcAjs4sFGS6,bvivienkg@acquirethisname.com,"accountant,user"
003500iyWR4mPAzhXd,avittetkh@cisco.com,administrator
003500Jt863R5c8r94,syakebowitchki@hao123.com,"accountant,user"
003500RWA9m4183b7g,mcomettokj@newyorker.com,"accountant,user"
00350084k6bjl0KpGf,nlarrattkk@yahoo.co.jp,administrator
003500Ob7wKq6A84Z9,asiggkl@sciencedaily.com,"administrator,accountant,user"
003500vE9RWsW2q4G9,cgalwaykm@nsw.gov.au,"user,administrator"
0035007xZ71y1j70O9,rbiglandkn@huffingtonpost.com,"administrator,accountant,user"
0035003joVIu9vSQNw,mhannantko@accuweather.com,"user,administrator"
003500x0jdTxPsQzuM,jdymockkp@usnews.com,"accountant,user"
003500dr1Mbdv7iAXk,rbussettikq@smugmug.com,"accountant,user"
003500uhf01ik2iBi5,scolleckkr@nhs.uk,"administrator,accountant,user"
003500emX2KX1GGN82,dlawesks@woothemes.com,"accountant,user"
003500I5Po30AJP6M2,cchatenetkt@sakura.ne.jp,"user,administrator"
003500dF4e4abH7jFN,cgobatku@prweb.com,"administrator,accountant,user"
003500yP0Y2YCob8kd,bbarrettkv@google.co.jp,"accountant,user"
003500Micx917F1atg,dsegarkw@loc.gov,administrator
0035002K3eHvjVGr95,bianillikx@123-reg.co.uk,"accountant,user"
003500H077tyZkVt27,emcfaulky@berkeley.edu,"user,administrator"
003500UUU47zP74VWU,awittierkz@tuttocitta.it,"user,administrator"
003500T3AFbMci9dfq,hgeistmannl0@wp.com,"user,administrator"
003500AXo41deY5q3x,npreatorl1@arizona.edu,"accountant,user"
003500BkaFX74w4gR5,itubblesl2@merriam-webster.com,"user,administrator"
003500h140Ec9b35UX,mpragnalll3@aol.com,"accountant,user"
00350083mrX6H7uHo4,hwoolseyl4@privacy.gov.au,"user,administrator"
0035000o3nReb4v20Y,bhambridgel5@bizjournals.com,"accountant,user"
003500yYW4KZ3U2S0P,hfareyl6@arstechnica.com,"administrator,accountant,user"
003500F2u5UHh4453y,talvesl7@aol.com,"user,administrator"
003500aUy2aCM19l6G,plantryl8@hostgator.com,"user,administrator"
003500C7nXk5l19h9k,cmacgownl9@stanford.edu,"user,administrator"
003500g451zyA7TuD2,wcorbertla@google.co.jp,"administrator,accountant,user"
003500Vo93GM8nBq9z,jpignonlb@reuters.com,"accountant,user"
003500D8dz9ZrJ5y7U,fdollinglc@soundcloud.com,"administrator,accountant,user"
003500NDV6T08OQ85z,bbellanyld@oracle.com,"user,administrator"
0035002G50oJ87FR79,acasperrile@shop-pro.jp,"user,administrator"
003500J3Q96yz7IWr7,hosheelf@dagondesign.com,administrator
003500EjJY1b59MdZA,smccolleylg@furl.net,administrator
00350087k0l9ujM89u,jmundfordlh@epa.gov,"accountant,user"
003500MWIM7Btew4Cx,wmalimli@cornell.edu,administrator
003500001RPc9EotPu,bjowlelj@desdev.cn,administrator
003500rVsN909Iq5g2,kwimmerslk@google.nl,"user,administrator"
0035003Tb3yQV2MRtH,dsyderll@altervista.org,"administrator,accountant,user"
0035003wB1FHXcnNAB,soreillylm@google.it,"user,administrator"
003500orAYmoZ5d44o,tkrabbeln@businessweek.com,"accountant,user"
003500ZxiH49v8wXWi,dcubbonlo@cdbaby.com,administrator
003500XO0B6f3gq38K,bcawseylp@cloudflare.com,"administrator,accountant,user"
0035005Ku2l3T7V7N9,rdingatelq@uol.com.br,"user,administrator"
003500ebx220f79CQN,ecastagnarolr@yandex.ru,"administrator,accountant,user"
0035000MY0hwX7JN6v,tlyvenls@prlog.org,"administrator,accountant,user"
0035002R1Kn8iE3Hzr,vbeerelt@woothemes.com,"accountant,user"
003500u0Y35y9ocba9,ngoldingaylu@github.io,administrator
003500IbA8IW98703G,mbertheletlv@thetimes.co.uk,"user,administrator"
003500Yf8GLkATs7P6,jreaylw@mozilla.org,"administrator,accountant,user"
003500aPB6ZnM7PbC1,vkernaghanlx@purevolume.com,"administrator,accountant,user"
003500NEaR241yPl4O,mroathly@printfriendly.com,"accountant,user"
0035007PT8A05k6X6w,afanthomlz@usatoday.com,"administrator,accountant,user"
003500L54KQk4E7PEO,cwhiscardm0@livejournal.com,administrator
003500S5NvaKKZoOUD,abourbonm1@businesswire.com,"user,administrator"
003500wyGMNN9lsT85,lmasicm2@privacy.gov.au,"accountant,user"
0035008TN9Arlj9Rk6,caddicottm3@businessweek.com,administrator
003500q3VZq6EvX680,leylesm4@salon.com,"user,administrator"
0035007J9MmtoyHN6O,mjacsonm5@i2i.jp,"administrator,accountant,user"
0035007w13g0FOgjH0,rpetzm6@hp.com,"user,administrator"
003500783bQ2OUO8C1,wcranglem7@answers.com,"user,administrator"
00350055x0IuEeNwgb,acarlowm8@purevolume.com,"user,administrator"
003500EFjuKH1c2vj6,fwoolstenholmesm9@nymag.com,administrator
003500MuInHG2OMzGh,pautryma@woothemes.com,"administrator,accountant,user"
003500BfxrRo310q5C,jargontmb@ucoz.com,administrator
003500bK8Sojk9v9TF,tegleofgermanymc@wordpress.org,"administrator,accountant,user"
003500r1lfS5ciENWK,jmckeurtonmd@behance.net,"administrator,accountant,user"
003500zw3jfmgkDaB7,mzumbuschme@hc360.com,"accountant,user"
003500v90QI0d4E2LE,gzanazzimf@dyndns.org,administrator
003500Atgy21c3n3k3,vsattinmg@dailymotion.com,"user,administrator"
003500z4S5V6DP3N05,czanettomh@chicagotribune.com,"administrator,accountant,user"
003500FkPi61oLDN9m,scloutermi@booking.com,administrator
003500I2WJ5yMIqBHG,bbuncemj@smugmug.com,administrator
0035000F8Q2hnR113p,echisholmmk@jalbum.net,administrator
003500bGxHmT3451M6,aeffnertml@google.com.hk,"user,administrator"
0035007Ok2x6C2xd11,dbirkinshawmm@ycombinator.com,"accountant,user"
003500l60OK0F5enO4,jbirdwhistlemn@tinyurl.com,"administrator,accountant,user"
003500JOJ6efe43a5q,ttrusemo@dropbox.com,"user,administrator"
0035007LU9FUbkJrU3,smatthewmp@google.ru,"user,administrator"
003500E414783d6rmu,scrosskillmq@nps.gov,"user,administrator"
003500XAqDO7E7m3kT,charsentmr@dailymotion.com,"user,administrator"
003500cLL572j1t9Xy,rhincksms@techcrunch.com,administrator
00350081SpYV3Es9bK,lpeddersenmt@blogger.com,administrator
0035007g72M83fh26n,flegenmu@youtube.com,"accountant,user"
003500nb6ag4jr8TV8,lerlammv@bloglovin.com,"user,administrator"
00350033Mh64S4W1p2,dstockneymw@auda.org.au,"accountant,user"
003500twhGWZ6dVjXk,dfedynskimx@sakura.ne.jp,"accountant,user"
0035004aZEsHF1gaU2,cknivetonmy@weather.com,"accountant,user"
003500i1dWYb0xA46Z,agrossmz@hud.gov,"administrator,accountant,user"
003500Ki59eXfcF8wG,wpascoen0@mail.ru,"accountant,user"
0035007DedCTkexc9E,wricketn1@reuters.com,"user,administrator"
0035005q8jpdplrDRs,cleggann2@who.int,administrator
0035005w4Iw9joW3zz,abullenen3@ning.com,"administrator,accountant,user"
003500GfbIJ1J7IZxO,kdumphyn4@fotki.com,"administrator,accountant,user"
003500bRso0mELsXG8,aeliazn5@hubpages.com,"administrator,accountant,user"
0035009Qr39KpU3AXR,ckhotlern6@vinaora.com,administrator
003500A1BBY19Eblv9,lpechtn7@tuttocitta.it,"administrator,accountant,user"
0035009UH42zTWv1J0,pspeeksn8@japanpost.jp,"user,administrator"
0035008RYDeWB9snPR,dwordleyn9@loc.gov,"accountant,user"
0035009z9ODOhwRb7w,bbanfieldna@trellian.com,administrator
0035009z0SHfSG9iy0,sheightonnb@domainmarket.com,"user,administrator"
003500y5d5EVEk3Nk4,gnorkernc@cpanel.net,"administrator,accountant,user"
003500d0HARwL4BmU6,jradbandnd@examiner.com,administrator
003500uVhAjX1qfw1V,nscrimshirene@google.co.uk,"accountant,user"
0035009081Bt4PPePq,abremleynf@google.com.au,administrator
00350017m0323py3k4,gbarksng@hugedomains.com,administrator
0035002VzNcb9s1Kpq,mbindleynh@vistaprint.com,"administrator,accountant,user"
0035005TOfR3cw3E6K,nwemesni@washingtonpost.com,"administrator,accountant,user"
003500KH5585el7G5p,cfullardnj@mapy.cz,"accountant,user"
0035005o8yHNZqlb36,hmundwellnk@nyu.edu,"accountant,user"
003500W88P8MbnLN2V,sblasiaknl@naver.com,"accountant,user"
0035001qG8xHZy8vMH,radamiecnm@macromedia.com,"administrator,accountant,user"
0035004CVA3aRBa3fh,lsyslandnn@t-online.de,"accountant,user"
003500wTOyRaMGi59V,mweatherellno@free.fr,"user,administrator"
0035007T5S9oPr5231,fkochelnp@bloglines.com,"user,administrator"
003500f9tJst1ld92V,mzimmermannq@addthis.com,administrator
003500IVuYgZ4CDJiO,kpaynternr@dyndns.org,"user,administrator"
003500L3Ys7584c88i,lvenartns@cisco.com,"accountant,user"
0035007jl94si5Q3Cw,tadolthinent@patch.com,"user,administrator"
003500USTY85T3KQ4f,zmagillnu@devhub.com,administrator
0035001zqf1WDL3l0N,dosesnanenv@salon.com,"accountant,user"
0035007CjF4Mk7jMAA,bmcgeechannw@weebly.com,administrator
003500JY74s3FgGrX7,hburgettnx@sphinn.com,"administrator,accountant,user"
003500FPEmv8l721l3,dmenatny@wired.com,"user,administrator"
003500vs81e56rx7nq,ggloyensnz@ezinearticles.com,"user,administrator"
003500Jzn6DmtoWH6n,jrameleto0@pinterest.com,"accountant,user"
00350040zizYj9A1ny,titzchakio1@google.com.hk,"user,administrator"
003500X96oSGvGeP80,gmullano2@drupal.org,administrator
003500RwA71J70tnZ7,cmacdermotto3@cnet.com,"accountant,user"
003500K5MYD6hhTzX5,lbassomo4@csmonitor.com,administrator
003500JII32LdyMkL6,ngyleso5@army.mil,administrator
0035007ONbzh75rA8i,dmackillo6@wiley.com,administrator
00350022go27p6N1HQ,mkyndredo7@wisc.edu,"accountant,user"
0035003pPieRg8DZJ7,tbarenseno8@deviantart.com,administrator
003500338SElwLOJaH,wrojaso9@msu.edu,administrator
00350042JJ7qK7l503,mvolanteoa@naver.com,"user,administrator"
0035007Bt0rZRsT4J7,rweekleyob@amazon.co.jp,administrator
003500I7o2jY58yJT9,ftorricinaoc@bloomberg.com,"administrator,accountant,user"
00350021MGdZJNx5SL,ggowthorpeod@google.co.jp,"administrator,accountant,user"
0035004k9Wmlzw2405,rscurrelloe@forbes.com,"user,administrator"
0035003F1LuB38Vx1H,qandresof@sfgate.com,"user,administrator"
0035000hm9yb1yR8cl,mstraffonog@japanpost.jp,"accountant,user"
00350016R0V283n86c,cdoonicanoh@virginia.edu,"accountant,user"
003500x3p8T3USpEdC,rhallbirdoi@virginia.edu,administrator
003500u05LJr8f2u9n,sstollioj@elegantthemes.com,administrator
0035000M2i4Ooe574h,smcgonagleok@theguardian.com,"administrator,accountant,user"
0035003X6n7SOd4S3Y,uaddicottol@upenn.edu,"administrator,accountant,user"
003500U105pxCuzC48,agozzardom@microsoft.com,administrator
003500seF83nQRI38z,tkneelandon@gravatar.com,"administrator,accountant,user"
003500S2ZJz8u3LvE9,cyoungloveoo@google.com.hk,"accountant,user"
003500crke5TM8XGQ7,rravelusop@gmpg.org,"accountant,user"
0035007l5rZD8EZUew,zgounyoq@liveinternet.ru,"accountant,user"
003500t674tePj96t8,tthreadgouldor@google.ca,"accountant,user"
003500K8O6gYpSS06f,geseleros@rakuten.co.jp,"administrator,accountant,user"
003500ahOjM66J9e53,alindborgot@yale.edu,"administrator,accountant,user"
0035006nBXuy70qjTo,ddelasalleou@ftc.gov,"accountant,user"
003500Mw7nvIB971Ez,mcalderonov@edublogs.org,"accountant,user"
003500z8Ei4f51iI1M,cmcentagartow@statcounter.com,administrator
0035006Dxyk6EbEm4e,fabbatiniox@acquirethisname.com,"user,administrator"
00350097RmSv7cXi57,tklasingoy@ed.gov,"user,administrator"
003500xKuE372Did9I,ibeverstockoz@tumblr.com,"administrator,accountant,user"
00350057eN0h29eaj8,corrickp0@arstechnica.com,"administrator,accountant,user"
003500KL9YE64cU4x4,yfeelyp1@mail.ru,"accountant,user"
00350013ToOKS8HZw3,jkleiselp2@weebly.com,"administrator,accountant,user"
003500h4SyV5eG4B8K,blabordap3@gmpg.org,"administrator,accountant,user"
003500zoMfRzN9s33s,rrowbottamp4@tuttocitta.it,"user,administrator"
003500cXOGkuz4DW6T,ccolkettp5@netvibes.com,administrator
00350042S87Kf9s59E,adeverilp6@ifeng.com,"administrator,accountant,user"
003500xpR18nkJByGY,bschwanderp7@rakuten.co.jp,"user,administrator"
003500bFpg9f6yE5b7,cgyvesp8@virginia.edu,"administrator,accountant,user"
003500l4W4zZieJ0KZ,tdowleyp9@bigcartel.com,"accountant,user"
003500Tw1kUNp2YS1f,nklichepa@ox.ac.uk,"user,administrator"
003500gAUNSBbr0za1,mguitepb@virginia.edu,"user,administrator"
0035000DEyFL7M8mr1,oklambtpc@nsw.gov.au,"accountant,user"
003500mCz0aG2bheoF,snewarkpd@sohu.com,"administrator,accountant,user"
003500Nrb7Zl1H6F59,malgerpe@github.com,"accountant,user"
003500LqYno87dkzD4,ddalwispf@webnode.com,"accountant,user"
003500X3S8Wj8U1T4Y,oforryanpg@tiny.cc,administrator
003500U6GLH22I51H4,gsimpoleph@yellowbook.com,"user,administrator"
003500AQEu1V6v23VW,avercruyssepi@bloglovin.com,"administrator,accountant,user"
003500qGI633o359Hz,aerbainpj@comcast.net,"administrator,accountant,user"
003500RPks45CxAOsV,pinnottpk@skype.com,"administrator,accountant,user"
003500XI2tS0f3pqUR,adanzigpl@prweb.com,"accountant,user"
0035006jJE3pB99FV2,arowanpm@sciencedirect.com,"user,administrator"
003500OF9IAKWbntuT,ajeanetpn@ovh.net,"accountant,user"
003500w2yUNtW9p342,dleversuchpo@networksolutions.com,"user,administrator"
003500oG080ZQ62fdG,agagenpp@paginegialle.it,administrator
003500wDzkcOIx3ej0,ngrovierpq@ocn.ne.jp,"accountant,user"
0035008SbDh5i6TWZE,hparagreenpr@hatena.ne.jp,administrator
003500DIUsnjavYm8V,gtrekerps@weibo.com,"administrator,accountant,user"
003500Uyc268JtA49V,dmartellopt@exblog.jp,"user,administrator"
003500Qh6YudW7wwfZ,aseivertsenpu@blogs.com,"administrator,accountant,user"
003500FiH82C9C86Ir,evanveldepv@ow.ly,"accountant,user"
003500pEz07K05Omk5,gwanklynpw@harvard.edu,"accountant,user"
003500H8Mq06w1Z6L1,okornousekpx@aol.com,"accountant,user"
003500M3b2zNnCiTAb,pdeexpy@list-manage.com,administrator
003500ddkUui7T002r,msolesburypz@phpbb.com,administrator
00350001a74B7uU6yZ,fwalczakq0@mapquest.com,"user,administrator"
003500i7R8BkJ6xvpI,clucusq1@techcrunch.com,administrator
003500SNzg10eV2IKL,pmackinderq2@bloglines.com,administrator
003500URn76xrU47fh,mbriggdaleq3@about.com,"user,administrator"
003500Fm25A1jaJ7Bp,kspearmanq4@epa.gov,"administrator,accountant,user"
003500R3g40XOKy1jV,cwollandq5@about.com,"accountant,user"
003500A13Bd82h4CzK,rabramowskyq6@icio.us,"accountant,user"
