id,first_name,last_name,email,internet_package
003500M7Q93CKG2je2,Sibeal,Hannigane,shannigane0@qq.com,Gigabit Fibe 1
003500339Kgli7N5t9,Lockwood,Bentham3,lbentham1@shutterfly.com,
003500oS7XRqSuGyQ2,Loren,O'Doran,lodoran2@51.la,Gigabit Fibe 1.5
0035003Xgg2dDhmjRB,Bidget,Whitley,bwhitley3@shutterfly.com,Fibe 500
003500Sr76b5k8V6n7,Bibbye,Frensch,bfrensch4@time.com,Fibe 500
00350013N3k4H5ICng,Hallie,Matteris,hmatteris5@craigslist.org,Gigabit Fibe 1.5
003500RaRoz9F7h0E1,Carlyn,Stower,cstower6@dmoz.org,
003500BGQMu6tBvkBO,Mahalia,Van Vuuren,mvanvuuren7@meetup.com,Fibe 500
0035005L9L6il5M069,Haywood,Ghent,hghent8@loc.gov,Fibe 500
0035008rcy57yumuP2,Archer,Care,acare9@answers.com,Gigabit Fibe 1.5
0035000L19GUIxvc3Y,Storm,Fozard,sfozarda@ibm.com,Fibe 500
0035003O1qhXg6R870,Mile,Rawlins,mrawlinsb@dmoz.org,
0035009iCQ14Zd8Ehu,Egor,Herreros,eherrerosc@usatoday.com,Gigabit Fibe 1.5
003500N4AR9YgXz1bd,Rurik,Wintour,rwintourd@devhub.com,Fibe 500
003500GOojWHIn4EOl,Vanna,Stoad,vstoade@japanpost.jp,Fibe 500
0035008aXB7XKrPmP8,Jedediah,Poor,jpoorf@wunderground.com,
003500gR8c9C6IMXj2,Lem,Kerkham,lkerkhamg@wisc.edu,Gigabit Fibe 1.5
003500uK0PAjW9keUp,Jennie,Yurenin,jyureninh@dyndns.org,Gigabit Fibe 1
003500flk1N8d59J8O,Mano,Choake,mchoakei@sohu.com,Gigabit Fibe 1.5
0035005I6K3T3mFmtY,Augy,Balhatchet,abalhatchetj@theguardian.com,Gigabit Fibe 1.5
003500OvvjQA6saV20,Brandie,Van den Velde,bvandenveldek@hubpages.com,Gigabit Fibe 1.5
00350098040043zVN8,Geneva,Rusted,grustedl@illinois.edu,Gigabit Fibe 1.5
003500F00np6ZIczKh,Hedvig,Ahrendsen,hahrendsenm@facebook.com,Fibe 500
003500l3hW3o8G14uW,Grannie,Aburrow,gaburrown@youtube.com,Gigabit Fibe 1.5
0035006Az5dq9S8h11,Genia,Snalham,gsnalhamo@paginegialle.it,Fibe 500
003500Y8z340Bu22bm,Muriel,Macourek,mmacourekp@apache.org,
003500oNdm26460Oh6,Duane,oldey,doldeyq@w3.org,
003500ydrQ42clsNBt,Abel,MacAlinden,amacalindenr@economist.com,Gigabit Fibe 1
00350077Tns52dd504,Guinevere,Nunes Nabarro,gnunesnabarros@elpais.com,Fibe 500
003500lVp9KJ4vFDvM,Wyndham,Bengough,wbengought@clickbank.net,Fibe 500
003500Q1THpJI1q4od,Alida,Greeno,agreenou@domainmarket.com,Gigabit Fibe 1.5
003500U5s4v0k5M6zQ,Westley,Hadrill,whadrillv@wikia.com,Gigabit Fibe 1
0035009vArDME34yjO,Lila,Lucas,llucasw@spiegel.de,Fibe 500
003500I2JVj0e32rc6,Mariana,Ondrich,mondrichx@sourceforge.net,Gigabit Fibe 1
0035006hLm2gnw9qBc,Kriste,Proger,kprogery@washington.edu,
0035006305els4r2Oa,Jessa,Siddeley,jsiddeleyz@w3.org,Gigabit Fibe 1.5
003500uDsG2WCYNs3s,Avril,Copnall,acopnall10@discovery.com,Fibe 500
0035009y2VpvfwX5xX,Tammy,Lamboll,tlamboll11@ameblo.jp,Fibe 500
003500Nl3uv4dHh9p9,Myrtle,Cherm,mcherm12@about.com,
003500R71ql360rQB1,Emalia,Dyott,edyott13@apache.org,Gigabit Fibe 1.5
00350040xG4s8O0d97,Mohandis,Becks,mbecks14@netscape.com,Fibe 500
003500Dx5pB3939316,Rafi,Hannaford,rhannaford15@cmu.edu,Gigabit Fibe 1
003500683z71wcV98h,Penni,Colton,pcolton16@tmall.com,Fibe 500
003500L2opLW35xtPz,Harman,Bernhardt,hbernhardt17@phpbb.com,Gigabit Fibe 1.5
0035007Bo0aS32BJ45,Lona,Standon,lstandon18@spotify.com,
003500fOugv88VcV16,Hew,Dorgon,hdorgon19@ifeng.com,Fibe 500
0035008M0gEQ7tf84s,Ardine,Ring,aring1a@webs.com,Gigabit Fibe 1.5
0035009S5V0F83IWEj,Ruprecht,Dengel,rdengel1b@fc2.com,
003500rT74o9UceN26,Lidia,Batkin,lbatkin1c@slideshare.net,Gigabit Fibe 1
0035000TXz3w03I0LG,Tanny,Savell,tsavell1d@xrea.com,Fibe 500
00350092JBia5iO8KP,Rhona,Spenton,rspenton1e@bravesites.com,Fibe 500
003500TOi9xMNM5699,Port,Plank,pplank1f@ow.ly,Fibe 500
0035002LqcCzE3H31U,Morton,Thynn,mthynn1g@hugedomains.com,Gigabit Fibe 1.5
003500o7A9d4qPby31,Birch,Towns,btowns1h@go.com,Fibe 500
003500fTITU7DGb30k,Garrick,Reinger,greinger1i@shareasale.com,Gigabit Fibe 1.5
00350046v93XyUfh01,Lanni,Rutherfoord,lrutherfoord1j@examiner.com,Gigabit Fibe 1
003500j0yhN2s03RWS,Freddy,Wharram,fwharram1k@harvard.edu,Fibe 500
003500VDN5i3NkoGOW,Myrtice,Ganning,mganning1l@so-net.ne.jp,Fibe 500
003500scrhJs1HqjIE,Crysta,Haggidon,chaggidon1m@amazonaws.com,Fibe 500
003500h4JFxVwEiFD6,Toiboid,Yeudall,tyeudall1n@apache.org,Gigabit Fibe 1
0035004a7wptJ4t96F,Noe,De Cruz,ndecruz1o@vimeo.com,Gigabit Fibe 1
003500O0yRL1y9KvQD,Claiborn,Grandison,cgrandison1p@cargocollective.com,Gigabit Fibe 1.5
0035001WqvubXH4X50,Gianni,Ropert,gropert1q@unblog.fr,Gigabit Fibe 1
003500AsEpVJxOb9Qx,Benny,Tutchener,btutchener1r@biblegateway.com,Fibe 500
003500BDIa153NYoMD,Althea,Van T'Hoog,avanthoog1s@cyberchimps.com,Gigabit Fibe 1
003500Q51kh2LVX65V,Jeanne,De Laci,jdelaci1t@jimdo.com,Gigabit Fibe 1.5
0035004iivu1Gw2G33,Zea,Alderman,zalderman1u@yahoo.com,Gigabit Fibe 1
00350003aY7Gxy6S7z,Ignacio,Bullen,ibullen1v@aboutads.info,Fibe 500
003500cm9UM26A9bU8,Torrence,Tuppeny,ttuppeny1w@simplemachines.org,Fibe 500
003500H6H2cdbS2fFZ,Cortie,Ower,cower1x@wordpress.com,Fibe 500
0035007kk5SX58ZKOz,Rurik,Tindall,rtindall1y@mapy.cz,Gigabit Fibe 1
003500Cj39nTG7BZ71,Gwenore,Haggerwood,ghaggerwood1z@networkadvertising.org,Fibe 500
0035006fuL40B1Yyjb,Germaine,Jirasek,gjirasek20@gov.uk,Gigabit Fibe 1.5
003500uEoO3LAf359F,Phil,Conneau,pconneau21@eepurl.com,Fibe 500
00350043o14C9clCly,Vivia,Shalders,vshalders22@qq.com,
003500FTtvKawXH41d,Jared,Peschmann,jpeschmann23@examiner.com,Fibe 500
0035003rdPYx78xOcI,Gussy,Newburn,gnewburn24@opensource.org,
003500k0ao15ExTl4Y,Yetty,Claiden,yclaiden25@cloudflare.com,Fibe 500
003500lWD831KRT2qt,Kerby,Ksandra,kksandra26@surveymonkey.com,Fibe 500
003500s2n63T7422Tl,Fanchette,Shimwell,fshimwell27@fastcompany.com,Gigabit Fibe 1
0035000b1SfncoZGDd,Artair,Lerven,alerven28@macromedia.com,Gigabit Fibe 1
003500QzsqP45hyRl2,Fara,Petow,fpetow29@oracle.com,Fibe 500
003500NoX143wc0nZi,Perry,Bome,pbome2a@usa.gov,Fibe 500
0035006m7mCVX2t9h7,Jared,Arrell,jarrell2b@hp.com,Fibe 500
0035005rpDObIEf7zh,Melita,McGinnis,mmcginnis2c@joomla.org,Gigabit Fibe 1
003500BV5gQ6VBzYID,Verina,Tryhorn,vtryhorn2d@unc.edu,
003500MJ8g855olhce,Rodd,Jaouen,rjaouen2e@mit.edu,Fibe 500
003500R2CFF8UZHKvG,Nahum,Yallop,nyallop2f@imgur.com,
0035004P3qHJ2ETHz6,Carlyle,Montgomery,cmontgomery2g@walmart.com,
0035003vwG00pU7KB6,Ari,Fleg,afleg2h@amazonaws.com,
003500689QgUW52WUQ,Nickolas,Toderi,ntoderi2i@amazon.de,Fibe 500
003500J2Zar50Y6xFU,Weider,Hain,whain2j@toplist.cz,Gigabit Fibe 1.5
003500w19O21j35cDi,Stefa,Halvorsen,shalvorsen2k@gmpg.org,Fibe 500
003500V5GBRYFcVCF0,Huntley,Duignan,hduignan2l@myspace.com,Fibe 500
003500vc1qylNjU7qb,Dynah,Cressar,dcressar2m@dailymotion.com,Gigabit Fibe 1
003500w93ohrIAHe0h,Markus,Sivill,msivill2n@mysql.com,Gigabit Fibe 1.5
0035007Crh77lA618P,Noni,Simons,nsimons2o@wunderground.com,Fibe 500
003500vwV8UWK8BXF6,Roderich,Treswell,rtreswell2p@de.vu,Fibe 500
0035007sh0XhWOc0uG,Lockwood,Malinowski,lmalinowski2q@ifeng.com,Gigabit Fibe 1
003500M2cE7oe9NFUZ,Nady,MacCoughan,nmaccoughan2r@diigo.com,Gigabit Fibe 1.5
003500LsE3WgES1STt,Ardra,Prinett,aprinett2s@paginegialle.it,
003500rW0PlP1j33E3,Stearne,Ormonde,sormonde2t@jalbum.net,Gigabit Fibe 1
003500D07gx51e0w49,Cherey,Grimstead,cgrimstead2u@indiegogo.com,Gigabit Fibe 1
003500T425ag5q836N,Rodolphe,Hendrikse,rhendrikse2v@dot.gov,Fibe 500
00350080ILlZGJ22zK,Martelle,Lillford,mlillford2w@ted.com,Fibe 500
003500TQtpvoXQp1H3,Gregory,Kniveton,gkniveton2x@usa.gov,Fibe 500
003500IltcE351K71G,Perl,Larkkem,plarkkem2y@istockphoto.com,Fibe 500
003500UVWe2t11d96D,Giusto,O'Brogan,gobrogan2z@ftc.gov,Gigabit Fibe 1.5
003500Ld4VTzDIuJi0,Aigneis,Mitie,amitie30@imdb.com,Fibe 500
00350038x1Q83nA5l6,Tiler,Gavini,tgavini31@artisteer.com,Fibe 500
003500Ww4dl3Xu35f4,Vivianna,Paddle,vpaddle32@ycombinator.com,
003500oMXV4P569QRW,Meridel,Colleran,mcolleran33@gmpg.org,Gigabit Fibe 1.5
003500j7tuH99llaGq,Malachi,Fearn,mfearn34@dropbox.com,
003500I52Ck42S66hx,Tarra,Whittlesee,twhittlesee35@guardian.co.uk,Gigabit Fibe 1.5
0035001O5jYk1YJw65,Huntley,Summons,hsummons36@mit.edu,
003500m4O17tFf15dh,Dulciana,Kynan,dkynan37@merriam-webster.com,Fibe 500
003500Tmrdg1d8kEHS,Vanni,Bunstone,vbunstone38@who.int,Fibe 500
003500LN5eoSW0mFKe,Xavier,Kavanagh,xkavanagh39@virginia.edu,
0035003Y7JEM54A8iT,Bobby,Skain,bskain3a@examiner.com,Gigabit Fibe 1
003500N85rmM1UV7gZ,Chancey,Dahlman,cdahlman3b@multiply.com,
003500mbTQl0I7Ixw0,Artemis,de Cullip,adecullip3c@smugmug.com,Fibe 500
0035007Z1fSX6Dk4rQ,Jolyn,Izkoveski,jizkoveski3d@latimes.com,Fibe 500
003500k4v23wk1Rk8x,Mellisent,Pennacci,mpennacci3e@facebook.com,
00350029JrN3Uh23RO,Kyle,Blevin,kblevin3f@webmd.com,Gigabit Fibe 1
0035006Bp2tK6QXd25,Benjamin,Cornborough,bcornborough3g@homestead.com,Fibe 500
0035006UA878E03l1A,Dirk,Silvester,dsilvester3h@fotki.com,Gigabit Fibe 1
003500BSC86k8J7g01,Annamaria,Ebbotts,aebbotts3i@scribd.com,Fibe 500
003500Ad7GvPk53W3d,Joane,Prudence,jprudence3j@bluehost.com,
003500e47qH2X3BBcW,Laurena,Mulvin,lmulvin3k@hhs.gov,Fibe 500
003500Xk03D69LZun2,Krishnah,Woodhall,kwoodhall3l@addthis.com,Fibe 500
003500yP5dn79m6urq,Johnathon,Raisbeck,jraisbeck3m@admin.ch,
003500u3xBl6Uw4L7m,Madelin,Isenor,misenor3n@hao123.com,Fibe 500
003500dxuF5cwjp07h,Aggie,Sugden,asugden3o@opensource.org,Gigabit Fibe 1
003500MC738MVUb81b,Annnora,Tinkler,atinkler3p@cnn.com,Fibe 500
0035007zG2HV32Eh32,Helene,Gleadhall,hgleadhall3q@blogs.com,Fibe 500
0035008IbR14se9TD9,Jillane,Jecks,jjecks3r@state.tx.us,Gigabit Fibe 1.5
003500Vw9xrDldby32,Warner,Tompkiss,wtompkiss3s@mysql.com,Fibe 500
0035006DD2hq03LTUT,Merrick,Matusovsky,mmatusovsky3t@netscape.com,Gigabit Fibe 1
003500eslU3A7Fj7G3,Garold,Marran,gmarran3u@ebay.com,
00350084uo886DHrDb,Avril,Pernell,apernell3v@ezinearticles.com,Gigabit Fibe 1.5
003500a42212d5W826,Em,Diamond,ediamond3w@1und1.de,Gigabit Fibe 1.5
0035004yKP4zzWisjH,Myrilla,Bergstram,mbergstram3x@google.it,Gigabit Fibe 1.5
003500L3KvJ13l7YIS,Aline,Bankhurst,abankhurst3y@chicagotribune.com,Gigabit Fibe 1
003500JbbH76Od1Tea,Fairfax,Ulyatt,fulyatt3z@macromedia.com,Fibe 500
003500mMxW25G2R7QZ,Warren,Ellcock,wellcock40@cdbaby.com,Gigabit Fibe 1.5
0035002aAowk63QeJO,Danna,Borit,dborit41@soundcloud.com,Gigabit Fibe 1
003500P9pODuN0jwtI,Jorry,Corde,jcorde42@altervista.org,Fibe 500
0035000tS8hz8AAlRg,Gordon,Moorcroft,gmoorcroft43@joomla.org,
003500MuNq358WbRs7,Quinn,Combe,qcombe44@rambler.ru,Gigabit Fibe 1.5
003500p6D3p0DWBa6O,Lewie,Vedyaev,lvedyaev45@tripod.com,Fibe 500
003500rbHRuu2zrAR2,Perry,Episcopi,pepiscopi46@nih.gov,Gigabit Fibe 1.5
0035007d5ifYxgSYSh,Iona,Wybern,iwybern47@guardian.co.uk,Gigabit Fibe 1.5
003500tuUshz0KLxs9,Muffin,Spencock,mspencock48@about.me,
0035006nK6uUMMk0Dg,Laural,Divis,ldivis49@ovh.net,Gigabit Fibe 1
003500KQcx1XK81UIW,Husain,Ary,hary4a@businesswire.com,
003500N71o4owF86pt,Lyell,Connow,lconnow4b@facebook.com,Fibe 500
0035008SZC9q6QjTdZ,Patricio,Lindro,plindro4c@ifeng.com,Gigabit Fibe 1
003500v5o9O8C42L2q,Jerrylee,Flode,jflode4d@twitpic.com,Fibe 500
0035006D3IuA7O0fsS,Reece,Bengoechea,rbengoechea4e@weibo.com,Gigabit Fibe 1
003500Z9Z4H9vD1m07,Pattie,Guierre,pguierre4f@java.com,Gigabit Fibe 1.5
003500yYfKRIdkZAwK,Chrisse,Goldingay,cgoldingay4g@yandex.ru,
003500q3th00hlURA0,Palmer,Hallbird,phallbird4h@discuz.net,
0035006fDg6DFSm34e,Gabi,Marron,gmarron4i@google.ru,Gigabit Fibe 1
003500ka7t61oU0n9B,Lane,Nunnerley,lnunnerley4j@comsenz.com,Fibe 500
003500Zs6s2zj1bo7k,Bondy,Hendriks,bhendriks4k@army.mil,Gigabit Fibe 1
003500Y0MEoDP7VLb9,Wenona,Duckerin,wduckerin4l@wix.com,Gigabit Fibe 1.5
003500EAt2wyw3IIgI,Aeriel,Gerant,agerant4m@businessinsider.com,Fibe 500
003500diigi29cu2vY,Winnah,Percy,wpercy4n@wiley.com,Gigabit Fibe 1
003500q9u08pt23wW0,Nanny,Rolf,nrolf4o@europa.eu,Gigabit Fibe 1
0035007Ygt061hD3I4,Rycca,Clausius,rclausius4p@fastcompany.com,
003500vd2P39uD9A9F,Blayne,Dudny,bdudny4q@chronoengine.com,
0035001Biv15iSBQ77,Issie,Brymham,ibrymham4r@scientificamerican.com,Gigabit Fibe 1.5
0035007u37z527zb2B,Albrecht,Luke,aluke4s@stanford.edu,Fibe 500
003500WEyt13CtVgmT,Gennifer,Farnes,gfarnes4t@jugem.jp,Gigabit Fibe 1
0035002vJ4t6FuiEhl,Ashlen,Flaunier,aflaunier4u@clickbank.net,
0035004B752NfIz8xh,Douglass,Tadman,dtadman4v@nasa.gov,Fibe 500
003500T07914RnCD1g,Ramona,Garrand,rgarrand4w@answers.com,Gigabit Fibe 1.5
003500z929rT188Ihv,Hildy,Courtier,hcourtier4x@list-manage.com,Gigabit Fibe 1
003500v941LL10YNMG,Yulma,Gierhard,ygierhard4y@google.fr,Fibe 500
003500I6qGE48t5Fn2,Henka,Irwin,hirwin4z@wikispaces.com,Gigabit Fibe 1
003500856OnMVb4D0Y,Killian,Enrich,kenrich50@mozilla.org,Fibe 500
003500t61dK52Zj1Zb,Salem,Chillcot,schillcot51@elegantthemes.com,Fibe 500
003500GQ2c0731aT97,Chevalier,Clemas,cclemas52@earthlink.net,Fibe 500
003500log9I3624a0G,Layney,Meany,lmeany53@com.com,Gigabit Fibe 1.5
00350072n2l4n3qGn3,Abbey,Grayling,agrayling54@irs.gov,
0035002AiPES5C5D76,Milo,Grover,mgrover55@plala.or.jp,Fibe 500
0035006KUqtc29t6wY,Veda,Pickford,vpickford56@mac.com,Gigabit Fibe 1.5
003500MAf5FNFoUTtf,Emmott,Barttrum,ebarttrum57@newsvine.com,Fibe 500
003500dg4X5NO3N7sU,Larine,Feldmark,lfeldmark58@bravesites.com,Gigabit Fibe 1
003500lc4Tsyt8mqcm,Ingeberg,MacCracken,imaccracken59@mayoclinic.com,Gigabit Fibe 1.5
003500vwnqy800Ml35,Heinrik,Frick,hfrick5a@purevolume.com,
00350057vCb4sc4301,Tomaso,Eilert,teilert5b@bbc.co.uk,Fibe 500
003500913ZDix7s5h3,Lanny,Santus,lsantus5c@disqus.com,Fibe 500
003500A39T12EAwfje,Ignatius,Dyson,idyson5d@addthis.com,
003500OC3sNU3pyrrG,Paola,Perroni,pperroni5e@mayoclinic.com,Gigabit Fibe 1.5
003500flQfOQxu3uFR,Kira,McNeely,kmcneely5f@fc2.com,Fibe 500
003500Un2g7d0CIV64,Jerome,McKeaney,jmckeaney5g@blog.com,Fibe 500
003500h5TGE5Q56Cl9,Krystalle,Hume,khume5h@berkeley.edu,Fibe 500
003500Y15Z1x0le33v,Godard,de Juares,gdejuares5i@example.com,Fibe 500
003500L7vJvQZSfiU2,Frasier,Roggerone,froggerone5j@linkedin.com,Fibe 500
003500uY9q3SmRn44F,Cobby,Ducket,cducket5k@moonfruit.com,Gigabit Fibe 1.5
003500P7ImOR6r5WDT,Keelia,Kunneke,kkunneke5l@comsenz.com,Fibe 500
003500UYuJiK726qJ8,Tess,Orgen,torgen5m@angelfire.com,Fibe 500
0035002460CKF72695,Kelvin,Gobeau,kgobeau5n@seattletimes.com,Gigabit Fibe 1
003500C822642I6m6w,Tiebold,Blankenship,tblankenship5o@mashable.com,Fibe 500
003500UXAT931P60Lv,Farah,Prenty,fprenty5p@shutterfly.com,
003500dqD85T7dGlFB,Leif,Spavon,lspavon5q@prweb.com,Fibe 500
003500Q7t0aJLhkP17,Miguela,Hopfer,mhopfer5r@fc2.com,Gigabit Fibe 1.5
003500RH41JjfM84YG,Sullivan,McAllen,smcallen5s@wikimedia.org,Fibe 500
003500AW6l0t814Izh,Eugenio,Bysouth,ebysouth5t@yale.edu,Fibe 500
003500P4JBAE7H0NuX,Dyana,Pennone,dpennone5u@merriam-webster.com,
003500BEE1Ho6ME0PZ,Xena,MacGuffie,xmacguffie5v@stanford.edu,Fibe 500
0035004i5JgdLX89W7,Darsie,Possel,dpossel5w@si.edu,Fibe 500
003500h2F6bdOlI33z,Arnaldo,Pritchard,apritchard5x@bravesites.com,
003500V5ttgzfwq53W,Britt,Chaplain,bchaplain5y@nba.com,Fibe 500
003500w2C2Cp536aWt,Katinka,Earle,kearle5z@studiopress.com,Gigabit Fibe 1.5
003500oLKL95OQC2K2,Nicoline,Hardstaff,nhardstaff60@seattletimes.com,
00350053e63OZfRP60,Vincent,Bendell,vbendell61@wiley.com,Fibe 500
00350086XAOlm5X11w,Clare,Rugge,crugge62@illinois.edu,Gigabit Fibe 1.5
003500InKbEnCUG58r,Stephi,Siggins,ssiggins63@ft.com,Gigabit Fibe 1
003500S9LKFd3u5Mz4,Beulah,Fromont,bfromont64@qq.com,Gigabit Fibe 1
00350086q3Y3ET68Yp,Lay,Valintine,lvalintine65@samsung.com,Fibe 500
003500XE2ZuoB4LDVg,Gregg,Dur,gdur66@quantcast.com,Fibe 500
003500II4Rf3V6XMmL,Bev,Gillbee,bgillbee67@ftc.gov,Gigabit Fibe 1
003500JTc5050dCvcU,Marie-jeanne,Hutchens,mhutchens68@jimdo.com,Fibe 500
003500F082Z3r3MJ2S,Emilio,Vella,evella69@auda.org.au,
00350031Kld8yClXC7,Neron,Maybery,nmaybery6a@businessweek.com,Fibe 500
003500fgWvb2967PZ2,Iolanthe,Heisman,iheisman6b@w3.org,Fibe 500
003500Oso0dLmOA649,Panchito,Skoof,pskoof6c@tripod.com,
003500N29qETM6vgCZ,Rennie,Arnett,rarnett6d@home.pl,Fibe 500
003500LP1c4AB8FEke,Carrissa,Patington,cpatington6e@amazon.com,Fibe 500
003500Rqwk2MWbuy8t,Doti,Sibbson,dsibbson6f@icq.com,Gigabit Fibe 1
00350069eVKyJMB91h,Pattin,Roger,proger6g@sohu.com,Gigabit Fibe 1.5
003500xde9K8qos2B0,Vivi,Caras,vcaras6h@yelp.com,Fibe 500
003500hu7nSC08ap4A,David,Maunton,dmaunton6i@disqus.com,Fibe 500
003500W6n7zG9eOmxM,Mortie,Presnall,mpresnall6j@csmonitor.com,Gigabit Fibe 1
003500xjkifEGsc177,Aaren,Rowet,arowet6k@skyrock.com,
00350098bBJpI0tOEo,Lloyd,Burfoot,lburfoot6l@tinyurl.com,Gigabit Fibe 1
003500UaQAZbl2Td7d,Sutherland,Bettison,sbettison6m@tinypic.com,Gigabit Fibe 1
00350096R1tGJKl884,Aurel,Renne,arenne6n@redcross.org,Fibe 500
0035009QYRaSHZxqQW,Kelila,Crampsy,kcrampsy6o@usgs.gov,Fibe 500
003500NwVjvLuK2mH3,Archibaldo,Crannach,acrannach6p@ovh.net,Gigabit Fibe 1.5
003500395RWMk34B95,Egor,Yakunkin,eyakunkin6q@weibo.com,Fibe 500
0035002vLukDdG6e9P,Christina,Dengate,cdengate6r@ocn.ne.jp,Fibe 500
0035005U0LL59bs4pt,Agretha,Charlin,acharlin6s@cbsnews.com,Gigabit Fibe 1.5
00350018qAt9pmP9ON,Teresita,Cree,tcree6t@ebay.co.uk,Gigabit Fibe 1
003500KW63uRwRLkv9,Genia,Stoneham,gstoneham6u@fc2.com,Gigabit Fibe 1.5
003500GWA45mF6GfWt,Saxon,Broune,sbroune6v@spiegel.de,Gigabit Fibe 1.5
003500A1eIRd6B5s57,Ardelia,Bortolotti,abortolotti6w@goo.ne.jp,Gigabit Fibe 1.5
003500T4wyk7WU9j4p,Stesha,Sherrett,ssherrett6x@uiuc.edu,Fibe 500
003500J0L3E6j3CNfZ,Montague,Gheorghie,mgheorghie6y@skype.com,Fibe 500
003500TjX1Z09Sa135,Lona,Cortez,lcortez6z@cornell.edu,Fibe 500
00350039Bj8eVuc657,Vally,Perren,vperren70@mayoclinic.com,Fibe 500
0035003c3jT2tlJtI5,Joann,Baudrey,jbaudrey71@cafepress.com,Fibe 500
003500mFZeu1edNk2l,Aldric,Blay,ablay72@abc.net.au,
003500OKDWwg91bEgW,Dorolice,Antat,dantat73@mozilla.org,Fibe 500
003500nRdG2sp05ioj,Bethanne,Hitscher,bhitscher74@kickstarter.com,Gigabit Fibe 1.5
003500hI7Cp4q74NmM,Lucretia,Tinker,ltinker75@nsw.gov.au,Fibe 500
003500En0uYVN74XCE,Garwin,Shane,gshane76@walmart.com,
003500se14JmU32YhW,Ruby,Domanski,rdomanski77@storify.com,Fibe 500
0035001L6Rp0Pf25dG,Patrice,Seyffert,pseyffert78@topsy.com,
0035000ytHv6vCrUoi,Sibyl,Tift,stift79@mapy.cz,
003500V4goNW9WdiL6,Marilin,Koschke,mkoschke7a@adobe.com,Gigabit Fibe 1
003500rJLf39z312O0,Joey,Lancley,jlancley7b@myspace.com,Fibe 500
003500m3jjR3S8d408,Pietra,Lukas,plukas7c@behance.net,Fibe 500
003500F3HusU9PiDxb,Karlis,Perotti,kperotti7d@cdbaby.com,Fibe 500
0035001tu4eJNs2wwp,Basil,Paffitt,bpaffitt7e@xinhuanet.com,Fibe 500
003500WNCFa8i9mLD8,Blaire,Standell,bstandell7f@blogspot.com,Gigabit Fibe 1.5
003500j12IospCgI2a,Thatch,Canada,tcanada7g@free.fr,Fibe 500
003500hwIE9I5jWi7b,Laird,Elsey,lelsey7h@wisc.edu,
0035003ZVpsNlpn40V,Basilius,Giamo,bgiamo7i@webeden.co.uk,Gigabit Fibe 1
003500vNk009Y7d355,Chad,Deuss,cdeuss7j@dot.gov,
003500pmFONlsf3bAe,Donnie,Garnson,dgarnson7k@facebook.com,Fibe 500
0035009wUDRKg75Cfr,Ikey,McCartney,imccartney7l@barnesandnoble.com,Fibe 500
003500BvqRZqf3oA6a,Corby,Henri,chenri7m@state.gov,
0035004ik1s0svcOcT,Westbrooke,Renard,wrenard7n@amazonaws.com,Fibe 500
003500igfHdh18x7dV,Felix,Sabbins,fsabbins7o@cdbaby.com,Fibe 500
003500wL16l6fSv4Hd,Gates,Brazur,gbrazur7p@epa.gov,Gigabit Fibe 1.5
003500zFesH2wD60xW,Susannah,Townend,stownend7q@nytimes.com,
003500UapYfMDceIGr,Karlie,Novotne,knovotne7r@smugmug.com,Gigabit Fibe 1
0035006HKo3OTa0k7J,Nyssa,Fishbie,nfishbie7s@java.com,Gigabit Fibe 1.5
0035002s7Nq05EF8xD,Valina,Grossier,vgrossier7t@aboutads.info,Fibe 500
003500NNi20dX5N48B,Sandro,Mcwhinnie,smcwhinnie7u@usnews.com,Fibe 500
0035006W1b63W58xDD,Peria,Peepall,ppeepall7v@imageshack.us,Gigabit Fibe 1
003500dH1x9pVtV26u,Art,Pittway,apittway7w@addtoany.com,
003500ahT05CviC39Z,Urbano,Floodgate,ufloodgate7x@nydailynews.com,Fibe 500
003500aum78SWcKyze,Des,Want,dwant7y@usda.gov,Gigabit Fibe 1
003500a5aJ1C4HX9WT,Rawley,Rosenstock,rrosenstock7z@bigcartel.com,Gigabit Fibe 1
0035009a1f11C9aVaU,Dougie,Crockett,dcrockett80@sitemeter.com,Fibe 500
0035005Pz9N3OsIw9S,Sibley,Swindon,sswindon81@quantcast.com,
003500aI5YD5CG9V00,Berty,Feakins,bfeakins82@discovery.com,
0035008TA9yOys0041,Brittani,Battlestone,bbattlestone83@eepurl.com,Fibe 500
0035003Fl137Q3d3qv,Candra,Semiraz,csemiraz84@nytimes.com,Fibe 500
003500gA6JnVljQ6C8,Rancell,Ruddell,rruddell85@jigsy.com,Gigabit Fibe 1
0035006J26t0jIB697,Gustaf,Seville,gseville86@auda.org.au,Fibe 500
003500j8Zk5Ut311Yr,Bobbee,Oats,boats87@fc2.com,Gigabit Fibe 1
0035003QdbQV5ACTe8,Constantine,Houlton,choulton88@irs.gov,Fibe 500
003500Ao4iXrcpDurV,Sigismond,Souch,ssouch89@skyrock.com,Gigabit Fibe 1
003500uC3ZpVOyL2tH,Danika,Wilman,dwilman8a@icio.us,
003500n0gb8ie40bb8,Ivett,Fayne,ifayne8b@live.com,Fibe 500
003500J68QFWrf7IWP,Aida,Kobus,akobus8c@tripod.com,
00350089PyAWZ0esRx,Junette,Tewnion,jtewnion8d@alexa.com,Gigabit Fibe 1
003500cShFUm3ac4gQ,Bary,Szymonwicz,bszymonwicz8e@wufoo.com,
00350001YmW09QK4zA,Rudie,Sealy,rsealy8f@reverbnation.com,
003500dJ715Xcp7LAk,Tansy,McNaught,tmcnaught8g@uiuc.edu,Gigabit Fibe 1.5
003500N2zvLyaFQ82q,Dill,Crighten,dcrighten8h@joomla.org,Fibe 500
003500re29J3351kf9,Marie-ann,Monelli,mmonelli8i@live.com,Fibe 500
003500o3sS96o99I43,Christa,Yanov,cyanov8j@amazon.de,Gigabit Fibe 1
0035007wc9l8dg3z6c,Charleen,Thomson,cthomson8k@friendfeed.com,Fibe 500
00350039yX48I6VkE6,Charin,Treneer,ctreneer8l@live.com,Gigabit Fibe 1
0035007MEGFS38N55F,Leanor,Glasscott,lglasscott8m@tinyurl.com,
003500pMgt8vx52NOc,Osborne,Jewster,ojewster8n@vistaprint.com,Gigabit Fibe 1
003500m8fqulK0dAm2,Alberik,McNair,amcnair8o@a8.net,Gigabit Fibe 1.5
003500G74Gl81jIz88,Marlee,Stave,mstave8p@goo.gl,
003500AvnQ8h9sqtu2,Chrisy,Chadwin,cchadwin8q@newsvine.com,Gigabit Fibe 1
003500173HM3eL5fTX,Anstice,Josovich,ajosovich8r@npr.org,
003500RUqMvos4Nfr1,Morly,Feldheim,mfeldheim8s@hao123.com,Fibe 500
003500Bd683eeSnZi9,Jaclyn,Kneebone,jkneebone8t@sciencedaily.com,Fibe 500
003500LJ3eRQiwh8v0,Ward,Fargher,wfargher8u@narod.ru,
003500T5fqoOt140A8,Nickey,Marjoribanks,nmarjoribanks8v@mtv.com,Fibe 500
003500atxqDjOhTlG4,Adriana,Walsh,awalsh8w@live.com,Gigabit Fibe 1
003500i2eMbdi03ylb,Ermina,Gricewood,egricewood8x@liveinternet.ru,Gigabit Fibe 1.5
003500O695RaO6b8k0,Meredithe,Larder,mlarder8y@so-net.ne.jp,Fibe 500
003500viI6n6i7ow17,Mitch,Gregg,mgregg8z@fda.gov,Gigabit Fibe 1
003500HvlMlTis3sMo,Rozalin,Methingam,rmethingam90@fastcompany.com,
003500A8iV9tJQ68A5,Salli,Wogdon,swogdon91@freewebs.com,
003500HlE3SYSfR06T,Burke,Downie,bdownie92@hatena.ne.jp,Gigabit Fibe 1.5
0035009pspHe8rho3g,Cayla,Traynor,ctraynor93@dailymail.co.uk,Fibe 500
003500pvAqq5ZlWD18,Estell,Gymlett,egymlett94@cdc.gov,Fibe 500
003500tMWa6hLSZR7s,Rainer,Gouldie,rgouldie95@mail.ru,Gigabit Fibe 1
00350011T0WQN6L892,Livvie,Bolingbroke,lbolingbroke96@washingtonpost.com,Fibe 500
003500JZPp11t1JvtL,Hazlett,Ruste,hruste97@stumbleupon.com,Fibe 500
003500B3a6aixUq68F,Sib,Riguard,sriguard98@bloomberg.com,Fibe 500
003500xCzSIKo3g6Zp,Whit,Kauschke,wkauschke99@wikimedia.org,Fibe 500
003500MFEp0i330gOJ,Vince,McDermid,vmcdermid9a@google.ca,Fibe 500
003500aXNQm6foM9I3,Pietrek,Reboulet,preboulet9b@paginegialle.it,Fibe 500
003500Zyd0gg2ikv52,Bone,Strettle,bstrettle9c@chronoengine.com,Gigabit Fibe 1.5
003500I5sFZp2866fG,Marcelline,Lody,mlody9d@free.fr,Fibe 500
003500ecp978m2TL64,Alanna,Klainman,aklainman9e@clickbank.net,Fibe 500
003500b2dh3V1YOw6t,Hamish,Fleet,hfleet9f@deliciousdays.com,Fibe 500
00350022Ue6a0fpQHC,Linc,Cutler,lcutler9g@spotify.com,Fibe 500
003500WKc2KN176k85,Georgi,Percy,gpercy9h@tuttocitta.it,Gigabit Fibe 1.5
003500QQM481GZ3NFj,Flin,Stenyng,fstenyng9i@independent.co.uk,Gigabit Fibe 1
003500zBujWw21I36n,Adorne,Woodnutt,awoodnutt9j@plala.or.jp,Gigabit Fibe 1
003500K4u90zgQ7h9A,Flore,Balloch,fballoch9k@icq.com,Fibe 500
0035001zMjJu1E8KPd,Rosana,Harsant,rharsant9l@state.gov,Gigabit Fibe 1.5
003500M78lp53csb0X,Harv,Danneil,hdanneil9m@biblegateway.com,Gigabit Fibe 1
0035001tt3BBU244ge,Mag,Lumpkin,mlumpkin9n@gizmodo.com,
003500P5ys6aJwkuoN,Benyamin,Gooley,bgooley9o@instagram.com,Gigabit Fibe 1
0035000Lx0iLE6todJ,Natale,Bembrick,nbembrick9p@epa.gov,Gigabit Fibe 1.5
0035003rtMAN8hxEMr,Lindy,Yateman,lyateman9q@google.com.au,Gigabit Fibe 1
003500kmv5rNGZ9rq1,Danie,Tomczynski,dtomczynski9r@dyndns.org,
003500uIYQTB26kwnB,Denver,Luce,dluce9s@meetup.com,Fibe 500
00350058dSB2Z93Oyy,Aridatha,Maddock,amaddock9t@cornell.edu,Gigabit Fibe 1
003500wiiA2ziXS033,Gabriel,Dust,gdust9u@networksolutions.com,Fibe 500
003500g1I2j9g6nEVM,Maximo,Stammers,mstammers9v@123-reg.co.uk,Gigabit Fibe 1
003500MauCd2t5Vt33,Elnore,Bruford,ebruford9w@shutterfly.com,Gigabit Fibe 1.5
00350026J6V0AWLsd2,Eberto,Avey,eavey9x@unblog.fr,Fibe 500
003500ZZbw99bMj0JS,Wolfy,Gillmore,wgillmore9y@mac.com,Fibe 500
003500tbLnm7H78RLQ,Nadiya,McGeechan,nmcgeechan9z@pcworld.com,Fibe 500
00350062Z0x939pqC8,Olimpia,Bellison,obellisona0@hostgator.com,Fibe 500
0035002ly2fYan8V5J,Raimondo,Whinney,rwhinneya1@hud.gov,Fibe 500
003500Z5VY6kYsI5LJ,Pansy,Mountfort,pmountforta2@zimbio.com,Gigabit Fibe 1.5
003500n77Oy1O8uXuO,Calla,Bartlam,cbartlama3@independent.co.uk,
00350084ZF3p08X4fS,Cheslie,Robbins,crobbinsa4@google.it,Fibe 500
0035003nK33vU0y5vS,Jessica,Butts,jbuttsa5@imageshack.us,Fibe 500
003500i3DmdB6MVBr0,Koral,Trousdell,ktrousdella6@devhub.com,Fibe 500
0035009XtDO64w1w2m,Fifine,Brou,fbroua7@com.com,Gigabit Fibe 1
003500st68p4seDPXf,Reyna,Patriche,rpatrichea8@netvibes.com,
003500888a2jQtQBS6,Guinna,Tuckwell,gtuckwella9@nasa.gov,Gigabit Fibe 1
0035006O8qH5W8AA3Z,Cass,Killby,ckillbyaa@miitbeian.gov.cn,
0035008rYt02UMKZ8A,Wynn,Clayson,wclaysonab@scientificamerican.com,Gigabit Fibe 1
003500K4MLeS60SHJ6,Ardyce,Croy,acroyac@businesswire.com,Fibe 500
003500v1G6SHz76Hy4,Fowler,Brazenor,fbrazenorad@dyndns.org,Fibe 500
003500v7PpUn8jggx1,Suzann,Scarlet,sscarletae@harvard.edu,Fibe 500
003500Z8iPgFVm3L5D,Jesse,Mercy,jmercyaf@squidoo.com,Gigabit Fibe 1.5
0035003ZSN3EjT1Dln,Aurel,Start,astartag@blinklist.com,
003500DbcXaJe64OE7,Abran,Seago,aseagoah@smh.com.au,
003500BPrAV0l3Os4g,Suzanna,Satterley,ssatterleyai@nifty.com,Fibe 500
003500LAoKnK9c4O2w,Mattheus,Cozby,mcozbyaj@aboutads.info,Fibe 500
003500nriRxYFLNUNR,Alessandro,Hailston,ahailstonak@google.co.jp,Gigabit Fibe 1
0035000AQ51SGIUaIJ,Aymer,Drife,adrifeal@dagondesign.com,Fibe 500
0035008h44XwbE21N8,Tadio,Trewhella,ttrewhellaam@weibo.com,
003500IUQv80JmV4RS,Sol,Isaak,sisaakan@ebay.co.uk,Gigabit Fibe 1
0035008K7zi1d12Y4E,Sandra,Sigmund,ssigmundao@hibu.com,Fibe 500
0035001rkz6EFX7eAg,Aurore,Ciccerale,acicceraleap@oaic.gov.au,Gigabit Fibe 1
0035009ebQVW06smS4,Bab,Heinrici,bheinriciaq@bizjournals.com,
0035004CsBQ84jtADN,Debee,Mann,dmannar@wufoo.com,Gigabit Fibe 1.5
003500K9xL4gf1k8MV,Torie,Scriviner,tscrivineras@oracle.com,
00350098rfLkUlL4vM,Sunny,Tweddell,stweddellat@jimdo.com,Fibe 500
00350015ExSP93wyqy,Titos,Gripton,tgriptonau@squarespace.com,
003500x1kOs78Z17Xe,Hurley,Lambrechts,hlambrechtsav@com.com,Gigabit Fibe 1
003500xw1W1u0ZGqaL,Dulciana,Crowe,dcroweaw@blogtalkradio.com,Gigabit Fibe 1.5
0035001IvBl058a0uR,Guss,Brigman,gbrigmanax@hud.gov,
0035008tOwSsU7F6kx,Carolann,Faraday,cfaradayay@wordpress.org,Fibe 500
0035004x8a8zs4EA1F,Alexander,Binning,abinningaz@mozilla.org,Fibe 500
003500x4YZ2ccPNiF0,Rica,Murthwaite,rmurthwaiteb0@mac.com,Fibe 500
003500384Mno4Y0urE,Clarabelle,Garric,cgarricb1@free.fr,Fibe 500
0035002XykHpV9Iw1i,Yves,Rumin,yruminb2@github.com,Gigabit Fibe 1
003500RmS3c5H433aB,Aloysius,Gook,agookb3@youtu.be,Gigabit Fibe 1
003500oF1GvWfa2E2A,Gerrie,Billo,gbillob4@desdev.cn,Fibe 500
0035005WQA540B6q36,Yehudi,Sola,ysolab5@washington.edu,Gigabit Fibe 1
003500rN9g8Wa4yf6U,Margo,Peeke-Vout,mpeekevoutb6@cisco.com,
003500g2DxQOpBtXp7,Blinni,Blain,bblainb7@utexas.edu,Fibe 500
003500B30gxJz6HLkg,Rebecka,Fellos,rfellosb8@dropbox.com,
003500Y3TSu0Us0pQX,Danette,Dearing,ddearingb9@smh.com.au,Gigabit Fibe 1.5
003500332fMyiW4bSr,Trevar,Bohling,tbohlingba@earthlink.net,Fibe 500
003500a1HStQ3n7Q1P,Millie,Brigden,mbrigdenbb@php.net,Fibe 500
00350021Bf8xXV1399,Lari,Yukhnini,lyukhninibc@opera.com,Gigabit Fibe 1
00350072Fu4z80YkJb,Terrijo,Rude,trudebd@ustream.tv,
0035009TKe2TX5O400,Halimeda,Abela,habelabe@blogger.com,Gigabit Fibe 1
0035006g3DrEuX1irY,Si,Ecclesall,secclesallbf@ow.ly,Gigabit Fibe 1
0035004Ocxfpy8d1PR,Mitchell,Dumphrey,mdumphreybg@mozilla.org,
003500bcSG2KOnXTYZ,Eben,Kuschel,ekuschelbh@usgs.gov,
003500nk5Sw153L796,Ariella,Brosenius,abroseniusbi@examiner.com,Gigabit Fibe 1
003500ou6m7nwoM97f,Burt,Foskew,bfoskewbj@phoca.cz,Fibe 500
003500z3gvw5rI7575,Demetra,Lambillion,dlambillionbk@liveinternet.ru,Gigabit Fibe 1
0035009Hy8xWstsWZd,Dene,Matthius,dmatthiusbl@economist.com,Gigabit Fibe 1
003500GrHQOL2gN4tk,Trumann,Addis,taddisbm@instagram.com,
003500s8xjcs5gSOp7,Barnett,Glendzer,bglendzerbn@hatena.ne.jp,
003500i0u6fS4TF5ob,Jody,Mulder,jmulderbo@ftc.gov,
0035006OEqU5BM8iIU,Grant,Shorter,gshorterbp@arstechnica.com,Fibe 500
00350050FU62h93L2Y,Link,Ferber,lferberbq@marriott.com,Fibe 500
003500RM8KG5TuAj18,Arley,McFfaden,amcffadenbr@bigcartel.com,
003500UwMRXAT27ijt,Woodman,Tamblyn,wtamblynbs@merriam-webster.com,Fibe 500
003500dkfZapy8p1k6,Valentino,Paolucci,vpaoluccibt@bbc.co.uk,Gigabit Fibe 1.5
0035000cR0E2vOfV9I,Bartie,Biffin,bbiffinbu@twitter.com,Fibe 500
003500lR3NlUoOYb4T,Trish,Brigham,tbrighambv@wikipedia.org,Fibe 500
003500l9pSvTJJtAJ1,Yvon,Salleir,ysalleirbw@plala.or.jp,Gigabit Fibe 1
003500tnz21UQ3nFgg,Vassily,Davidoff,vdavidoffbx@delicious.com,
003500Z83a5bEctq30,Leeland,Tapp,ltappby@amazon.co.jp,
003500gDN711iM7wUw,Bink,Halbeard,bhalbeardbz@clickbank.net,Gigabit Fibe 1.5
003500s56Sn5342hl2,Sallyanne,Dyott,sdyottc0@skyrock.com,Gigabit Fibe 1
003500J0I0Hp2ZIjXJ,Billy,Ellacombe,bellacombec1@yellowbook.com,Gigabit Fibe 1.5
003500dC1uSg7AVxO5,Aurelea,Earpe,aearpec2@newyorker.com,Fibe 500
0035000cct2du76PK6,Zelda,Barbery,zbarberyc3@cmu.edu,Gigabit Fibe 1
003500r92x0JB68FrW,Simonne,Usher,susherc4@chron.com,Fibe 500
003500il37mIF4FgH7,Levin,Kaygill,lkaygillc5@loc.gov,Gigabit Fibe 1
003500fH0wu7I96wPy,Pietro,Bertome,pbertomec6@diigo.com,
003500OxsizVzz30DU,Otto,McPhate,omcphatec7@1688.com,Fibe 500
0035004b80lnYawf8v,Atlante,Chidwick,achidwickc8@jimdo.com,Gigabit Fibe 1.5
003500emxykY34PTXp,Jamima,Gahan,jgahanc9@wikimedia.org,
003500N2B93XlWF0jB,Bram,Schwieso,bschwiesoca@sfgate.com,Gigabit Fibe 1.5
003500Ss682eYL8Jb8,Celisse,Kinnar,ckinnarcb@sciencedaily.com,Gigabit Fibe 1.5
0035005E90RTRaRZFi,Wynn,Coombe,wcoombecc@desdev.cn,
003500mL8Wjgj0YOiT,Sherie,Dureden,sduredencd@acquirethisname.com,Gigabit Fibe 1
003500CmJDUy2Z0y25,Estele,Belmont,ebelmontce@smugmug.com,Gigabit Fibe 1.5
003500HqJvkA1hs98g,Julia,Bignold,jbignoldcf@qq.com,Fibe 500
0035009po7cNb44080,Marcel,Shepton,msheptoncg@constantcontact.com,Fibe 500
00350098w3Oci5LXFK,Federico,McIlwain,fmcilwainch@adobe.com,Fibe 500
003500T4nG07oeszvc,Morris,Stinson,mstinsonci@google.es,Gigabit Fibe 1.5
003500j1TnE9R6VFC2,Dory,Molan,dmolancj@quantcast.com,Gigabit Fibe 1.5
003500tu83uv0QMijI,Philippe,Dahmel,pdahmelck@netscape.com,Gigabit Fibe 1.5
003500O4Vw8mX97YAT,Pegeen,Ginglell,pginglellcl@nymag.com,Gigabit Fibe 1.5
003500eX85gHI1SFtP,Gwendolyn,Franzonetti,gfranzonetticm@wiley.com,Fibe 500
003500KYwZ7bGySsY7,Olva,Flori,ofloricn@over-blog.com,Fibe 500
003500fx8rnDC6ws8x,Skipper,Twamley,stwamleyco@hp.com,Fibe 500
003500VLReF3KzVS8l,Nadine,Bravington,nbravingtoncp@businessweek.com,Fibe 500
0035001191jYWL583y,Rozanne,Beswetherick,rbeswetherickcq@msu.edu,
003500A24o2PH8GIw0,Dorey,Woonton,dwoontoncr@sohu.com,Gigabit Fibe 1.5
003500w6yaXe7E2P8f,Imogen,Ivanchenkov,iivanchenkovcs@oaic.gov.au,Fibe 500
003500iKoiifIO24fw,Vanya,Dongate,vdongatect@utexas.edu,Gigabit Fibe 1.5
003500Lb6uVG7YKA0g,Dani,De Bruyne,ddebruynecu@multiply.com,Fibe 500
00350072m74A3t32p9,Phedra,Simony,psimonycv@wikimedia.org,
00350045A3bKaTMsTg,Percy,Wardell,pwardellcw@forbes.com,
003500oVL7G00f8Z03,Corny,Gussin,cgussincx@qq.com,Fibe 500
0035001gDF3Kx16TKI,Moise,Storres,mstorrescy@github.io,
00350005025X71HuU7,Moira,Reynault,mreynaultcz@wisc.edu,Fibe 500
00350077276mVu8zlf,Kristyn,Deners,kdenersd0@taobao.com,Gigabit Fibe 1.5
0035002f4phh10J135,Quintus,Iacopini,qiacopinid1@icq.com,Gigabit Fibe 1
003500jfvOM6nIc8aO,Spike,Leader,sleaderd2@telegraph.co.uk,Fibe 500
003500iz89fu9331OX,Leta,Monk,lmonkd3@mashable.com,Fibe 500
003500YG19aOSPOLB7,Tremain,Chateau,tchateaud4@constantcontact.com,Gigabit Fibe 1.5
00350016n29oo4khP8,Kalil,Rubica,krubicad5@youtu.be,
00350064p57IY8xO37,Lynn,Libby,llibbyd6@cdbaby.com,Gigabit Fibe 1
003500BX64bY9H09ay,Lois,Pellew,lpellewd7@ustream.tv,Fibe 500
0035009uSP25tlv1Kb,Judye,Gonet,jgonetd8@hhs.gov,Fibe 500
0035000WTotT1hZdzj,Allys,Joselevitz,ajoselevitzd9@elpais.com,Gigabit Fibe 1
0035004ESVD6x3N2VZ,Belia,Quartley,bquartleyda@1688.com,Gigabit Fibe 1.5
0035004CZ55874dM8f,Amata,Cresar,acresardb@unesco.org,Fibe 500
0035004lWT0bi8Mb02,Paulo,Gounod,pgounoddc@bizjournals.com,Fibe 500
00350081HVSkl56w2f,Erina,Swetland,eswetlanddd@wiley.com,Fibe 500
0035004292uOsx1LUZ,Dallon,Jaime,djaimede@nyu.edu,Fibe 500
003500e7SM5I5QFh54,Howie,Cowlas,hcowlasdf@google.pl,
00350057T1U2n8Zl6G,Gavin,Puckinghorne,gpuckinghornedg@hugedomains.com,Fibe 500
0035008Xw4lPx20b1P,Billie,O' Cloney,bocloneydh@topsy.com,Fibe 500
00350021ei88r120kN,Venus,Stanwix,vstanwixdi@canalblog.com,Fibe 500
003500X5kSCHJ36jnH,Shadow,Tunbridge,stunbridgedj@mayoclinic.com,
0035008OPxC0Y4t2yT,Silas,Kerans,skeransdk@sogou.com,
003500QA4N9Q7mw8p9,Juliet,Dufer,jduferdl@freewebs.com,
003500NnIU0YurGi5R,Randie,Gooke,rgookedm@opera.com,
003500FM733bKpykUb,Aluin,Yielding,ayieldingdn@123-reg.co.uk,Fibe 500
00350025fH3m382U5i,Ignazio,Rootham,iroothamdo@example.com,
003500q0w5kgaPd90p,Sherm,Vlasenko,svlasenkodp@upenn.edu,Gigabit Fibe 1
003500rylCQjOkE03s,Christy,Eltringham,celtringhamdq@t.co,Fibe 500
003500q9132n07K0BV,Anthea,MacGaughey,amacgaugheydr@tinyurl.com,Fibe 500
003500Zb16u5ZC2lXI,Artemus,McClelland,amcclellandds@dmoz.org,Fibe 500
003500199Tm1DX32GC,Batholomew,Pioch,bpiochdt@ed.gov,Fibe 500
003500VxAlzwUzKErs,Tim,Waslin,twaslindu@barnesandnoble.com,
003500k9zTpN29wGts,Leland,Recke,lreckedv@cnbc.com,
003500v405TS8Trvz2,Maurits,Saldler,msaldlerdw@elpais.com,Fibe 500
003500S2H4s3T37yli,Renell,Scandrite,rscandritedx@amazon.co.jp,Gigabit Fibe 1.5
003500u08AyCR0d5T9,Andy,Fosdyke,afosdykedy@altervista.org,Fibe 500
0035000kfOAP3f6q86,Nydia,Tunnick,ntunnickdz@youtu.be,Gigabit Fibe 1
003500NJM3uu4GfR17,Garnette,Chevers,gcheverse0@wired.com,
003500I3aho217qNoL,Elsi,Cazereau,ecazereaue1@squidoo.com,
003500gt09EO29lWiF,Caryl,Stimson,cstimsone2@flickr.com,
0035005103UXST65YO,Neal,Erbain,nerbaine3@mac.com,Fibe 500
003500l7tvrc9G4AR2,Tonnie,Du Barry,tdubarrye4@bigcartel.com,Fibe 500
0035001Jt1iGE89Gli,Cheri,Sessions,csessionse5@unicef.org,
003500S0sw0KdVX0Pc,Salvidor,Giacoppoli,sgiacoppolie6@yellowpages.com,
0035009PxIE8XUl8iF,Roy,Aysh,rayshe7@oakley.com,Gigabit Fibe 1.5
003500VWPf5Et2364l,Allie,Courtney,acourtneye8@marketwatch.com,Gigabit Fibe 1
003500ZfFX1C6YsNML,Andie,Asplin,aaspline9@mozilla.com,Fibe 500
0035006G04CHGVr2Vo,Tess,Feldklein,tfeldkleinea@geocities.jp,
0035001PuG4n7yop3Z,Lorelle,Ratter,lrattereb@ask.com,Fibe 500
0035007ck8vr313ojO,Rhianon,Roddell,rroddellec@reverbnation.com,Fibe 500
003500923Yd4sSY3V2,Stephie,Butterley,sbutterleyed@geocities.com,Fibe 500
003500KIAOMVh037VR,Davie,Saltwell,dsaltwellee@mit.edu,Gigabit Fibe 1.5
003500Llpwq2ToWxx4,Ina,Levy,ilevyef@europa.eu,Fibe 500
003500Ef5Gh03iE817,Onida,Oertzen,ooertzeneg@vkontakte.ru,Fibe 500
0035000h075s0PFhf1,Analiese,Fish,afisheh@soup.io,Fibe 500
003500FRgwQW3ZbxfQ,Gusella,Rajchert,grajchertei@instagram.com,Gigabit Fibe 1
003500oOwL2rC19O8A,Reg,McNulty,rmcnultyej@ihg.com,Gigabit Fibe 1.5
003500FVbw1142fbq6,Leonidas,Ibbitt,libbittek@gizmodo.com,Fibe 500
003500Xh1xGI88tIby,Torrance,Fitchew,tfitchewel@networkadvertising.org,
0035006RWizoJy25w8,Fayina,Gartell,fgartellem@t.co,Fibe 500
003500FJkUt0AYXQ50,Sarajane,Barensen,sbarensenen@nhs.uk,Fibe 500
0035004EUW2ZdF89I0,Camella,Brumhead,cbrumheadeo@amazonaws.com,Gigabit Fibe 1
003500c2yn019wihgL,Hedwig,Allwright,hallwrightep@bbb.org,Fibe 500
003500Ly5VNkbu83UL,Fredelia,Bohden,fbohdeneq@google.ru,Gigabit Fibe 1.5
003500ct501GE609TH,Elisa,Rowles,erowleser@netvibes.com,
003500kbDJo0lijHnW,Melicent,Corey,mcoreyes@multiply.com,Fibe 500
003500viWUPlNzMIxX,Brnaba,Pearcehouse,bpearcehouseet@fda.gov,Gigabit Fibe 1.5
003500d3Ksk85lPF6U,Cyndy,Von Der Empten,cvonderempteneu@disqus.com,Fibe 500
0035007mxvk7w3sHym,Lian,Louiset,llouisetev@hud.gov,Gigabit Fibe 1.5
00350043f8Q3Pf5rbA,Della,Dominique,ddominiqueew@ifeng.com,Gigabit Fibe 1
00350083eid2k0G9eC,Hannis,Godsmark,hgodsmarkex@boston.com,Fibe 500
003500X7utuDkbM969,Audrie,Iuorio,aiuorioey@thetimes.co.uk,Fibe 500
003500U4z30uZbB97W,Hilton,Flockhart,hflockhartez@berkeley.edu,Gigabit Fibe 1.5
003500uo4a57f5zCt2,Justen,Jedrzejkiewicz,jjedrzejkiewiczf0@biblegateway.com,Gigabit Fibe 1.5
0035008x0aemD0c17B,Ardra,Domel,adomelf1@chicagotribune.com,Fibe 500
003500608Q65joyS1q,Lesli,Dumbrill,ldumbrillf2@foxnews.com,Gigabit Fibe 1
0035002YV3Rf7FolZ8,Wilhelm,Collin,wcollinf3@foxnews.com,Gigabit Fibe 1
003500An3Wdvn9ittv,Gipsy,Earl,gearlf4@mapy.cz,Gigabit Fibe 1.5
003500MAdCt2669Asd,Malvina,Tunnicliffe,mtunnicliffef5@usgs.gov,
003500bbxRG37v92nr,Danika,Grumbridge,dgrumbridgef6@cbc.ca,Gigabit Fibe 1.5
003500h2NF1MT9oLyo,Jayme,Pierpoint,jpierpointf7@yellowpages.com,Fibe 500
003500l8KpawYdjIt8,Aurelea,Woodhall,awoodhallf8@aboutads.info,
003500eixePTfwZx6X,Gideon,Thake,gthakef9@free.fr,Gigabit Fibe 1
003500T0hv35NAbLp2,Krishnah,Nudds,knuddsfa@canalblog.com,Fibe 500
003500q8ah18C8MHk7,Michel,Murphey,mmurpheyfb@army.mil,Fibe 500
00350056LDM77ssts6,Gasper,Rosle,groslefc@myspace.com,Gigabit Fibe 1.5
00350020b63yV5Sv13,Kerry,Core,kcorefd@youtube.com,
003500Wvh5TBLB8hq1,Eilis,Malyj,emalyjfe@shareasale.com,Gigabit Fibe 1.5
003500NG12z9Nn3LU5,Sig,Hauger,shaugerff@blog.com,Gigabit Fibe 1
003500BOYb5OEUH455,Bucky,Janiszewski,bjaniszewskifg@state.gov,
003500sQ2ZIc647b3t,Deb,Laying,dlayingfh@senate.gov,Fibe 500
003500pp3HpfT34N12,Fifi,Stebbin,fstebbinfi@yellowbook.com,Gigabit Fibe 1
003500X5UpnF320gMu,Sebastian,Poskitt,sposkittfj@economist.com,Gigabit Fibe 1
003500g5Jg43GFKsZ1,Brantley,Lamyman,blamymanfk@dot.gov,
003500hqU1u5BZ4H0i,Ernestine,Coatham,ecoathamfl@cam.ac.uk,Gigabit Fibe 1
003500x97FXeko1Ta4,Philippa,Clews,pclewsfm@themeforest.net,
0035004CU6GdQdtwqG,Cassius,Pechet,cpechetfn@pcworld.com,Gigabit Fibe 1.5
003500Kjvx0rqu1832,Jacquette,Ashfull,jashfullfo@vk.com,Gigabit Fibe 1.5
003500bR47Xie0ghKx,Adeline,Dog,adogfp@networkadvertising.org,Fibe 500
003500nc2Xik69RO7g,Anetta,Gierhard,agierhardfq@opera.com,Gigabit Fibe 1.5
003500G13TipebHTQu,Mathian,Hinsche,mhinschefr@com.com,Gigabit Fibe 1
0035005JDA8Jd38E42,Malvin,McKinless,mmckinlessfs@biblegateway.com,
003500C9NOfM403gH7,Nikolos,Sacks,nsacksft@howstuffworks.com,Gigabit Fibe 1.5
003500k37g84zehbdL,Gae,Clench,gclenchfu@yolasite.com,Fibe 500
003500vPhe4u0a3788,Thomas,Bunkle,tbunklefv@fastcompany.com,Gigabit Fibe 1.5
003500iEDx2VU4soUv,Vanda,Viste,vvistefw@redcross.org,Gigabit Fibe 1
003500CUxN9p85z3n4,Lu,Ewells,lewellsfx@domainmarket.com,Gigabit Fibe 1.5
003500n4rq9p7nlhcf,Granny,Prujean,gprujeanfy@craigslist.org,Fibe 500
0035004eKQRAhpr070,Eleanor,Aldersey,ealderseyfz@blogspot.com,
003500QZuUuv21zf1J,Theresita,Dye,tdyeg0@devhub.com,Fibe 500
003500r84T4zkK8xb2,Zolly,Sheahan,zsheahang1@mlb.com,
0035005xklM0MO9Mgk,Carce,McAuliffe,cmcauliffeg2@dyndns.org,
0035000Y783ZSAnYFG,Brendon,Adcocks,badcocksg3@cam.ac.uk,Gigabit Fibe 1.5
0035004dNrG87mlX6e,Sib,Sharrard,ssharrardg4@hexun.com,Gigabit Fibe 1
003500dtbK9U27abPM,Clarissa,Cavee,ccaveeg5@ftc.gov,Fibe 500
003500Mu9s1JN4Q6D1,Dew,Whild,dwhildg6@altervista.org,Gigabit Fibe 1.5
003500C6tp95RK3M4D,Terrye,Selman,tselmang7@springer.com,Gigabit Fibe 1
003500Q2s1vEJ9Dw7K,Melva,Jelf,mjelfg8@umich.edu,Gigabit Fibe 1
003500Y1Bj7CroGM24,Dall,Boulds,dbouldsg9@tamu.edu,Gigabit Fibe 1.5
003500IX56rpt21Z4a,Bertha,Benaine,bbenainega@free.fr,Fibe 500
003500P351IXnjF8bQ,Esteban,Fowgies,efowgiesgb@cisco.com,Gigabit Fibe 1
00350042w9X544DjKy,Teodoor,Walczak,twalczakgc@sphinn.com,Fibe 500
003500L5V7Z0w7NbmS,Ara,Huxham,ahuxhamgd@ameblo.jp,Gigabit Fibe 1
003500l5905y6nXfd1,Row,Lasslett,rlasslettge@geocities.com,Fibe 500
003500sez63H7OJY1R,Cris,Ferrandez,cferrandezgf@wordpress.com,Gigabit Fibe 1
003500va1EOI0NWd02,Bastian,Coots,bcootsgg@ning.com,Fibe 500
003500jkqeMzsd50m5,Patricia,O'Lenane,polenanegh@hugedomains.com,Fibe 500
003500Fs0pGtX87dJ9,Haley,Dole,hdolegi@acquirethisname.com,Gigabit Fibe 1.5
0035007iB1md1qM90m,Kippie,O'Dogherty,kodoghertygj@flickr.com,Fibe 500
003500e8ACd53JHn8V,Toddy,Pauleit,tpauleitgk@live.com,Gigabit Fibe 1
00350026tH54R2sRj7,Zacherie,Whewill,zwhewillgl@google.com.hk,Fibe 500
003500LhRAcuwJxpBz,Beverly,Vogeler,bvogelergm@newsvine.com,Gigabit Fibe 1.5
0035000s55b93o8m5y,Anthe,Ciciotti,aciciottign@ox.ac.uk,Gigabit Fibe 1
003500qia36V43b243,Valerie,O'Crevy,vocrevygo@a8.net,Fibe 500
003500eKt6R27r8l5x,Berti,Featley,bfeatleygp@instagram.com,Fibe 500
003500VBW2FeR0K6uo,Farr,Gerhartz,fgerhartzgq@intel.com,Gigabit Fibe 1.5
0035000Z9WKBUgbT5C,Vergil,Bearward,vbearwardgr@disqus.com,Fibe 500
003500U3isxh8Q4CdS,Una,Alabaster,ualabastergs@liveinternet.ru,Fibe 500
0035002LO49KgJ6teM,Hamish,Beevers,hbeeversgt@macromedia.com,Gigabit Fibe 1
003500udQ7PlQN09zb,Nita,Simecek,nsimecekgu@irs.gov,Fibe 500
003500VQUDKM9k30A5,Errick,Leglise,eleglisegv@parallels.com,Gigabit Fibe 1
003500I223Zq5EiY24,Corrie,Glencross,cglencrossgw@youtu.be,
003500D9Sz0d5HOCWk,Judon,Bapty,jbaptygx@geocities.jp,
0035007UJju1264C80,Matthias,Doswell,mdoswellgy@lycos.com,
0035005IELslBkD1VX,Tonya,Labden,tlabdengz@arstechnica.com,Fibe 500
003500uXUb01Z9y6WC,Eldredge,Lathe,elatheh0@google.de,Gigabit Fibe 1
003500WzAM7nZRf9k4,Max,Yuranovev,myuranovevh1@mapy.cz,Fibe 500
003500T3i6B71Xnzd2,Carney,Ansty,canstyh2@hostgator.com,
0035004c4702Lyi9BA,Latrena,Pagan,lpaganh3@mlb.com,Gigabit Fibe 1
003500827ij2R58zkh,Duff,Fumagall,dfumagallh4@ehow.com,Fibe 500
00350043DT52gs2gR6,Ogdon,Staggs,ostaggsh5@nytimes.com,Fibe 500
003500qLYLf2M9lEyh,Den,Gilbertson,dgilbertsonh6@miibeian.gov.cn,Gigabit Fibe 1.5
00350018fm2S7HiP31,Luciano,Bampkin,lbampkinh7@bravesites.com,Fibe 500
003500bZnpjVTw6QV5,Dave,Barthelme,dbarthelmeh8@t.co,
003500rPjnGj552CWZ,Consolata,Dmiterko,cdmiterkoh9@un.org,Gigabit Fibe 1
00350072924f93r9V5,Wilfred,Champerlen,wchamperlenha@over-blog.com,
003500P7p7u6pA6og1,Jessee,Sumsion,jsumsionhb@google.pl,
003500ufUoLLTA81dT,Bobby,Haselden,bhaseldenhc@oakley.com,Gigabit Fibe 1.5
003500oLbu9h0adfsY,Kiele,Hazeldine,khazeldinehd@ifeng.com,
003500e3apjELX7021,Elston,Gulliman,egullimanhe@eepurl.com,Gigabit Fibe 1
003500BNWZ0iLhQwJ0,Charlena,Belden,cbeldenhf@ftc.gov,Fibe 500
003500awEL91cIa0Lp,Traci,Lesaunier,tlesaunierhg@digg.com,Fibe 500
003500TGW6oRyDpl0e,Carling,Dyka,cdykahh@studiopress.com,Fibe 500
0035002RrSg7SP3cAr,Rosemarie,Bunhill,rbunhillhi@yolasite.com,Fibe 500
003500LgR4ZpcMC74R,Loretta,Golsby,lgolsbyhj@topsy.com,Fibe 500
00350075u1wq1qj6LT,Sid,Healy,shealyhk@ucla.edu,Gigabit Fibe 1.5
003500CsitiV9Ng54R,Jaclyn,Timmons,jtimmonshl@cdbaby.com,
0035008761x27b27KF,Garald,Hassekl,ghasseklhm@ucla.edu,
003500kQZ3n97UoR0b,Eula,Stepney,estepneyhn@narod.ru,
003500aZoa231CI2RN,Bernhard,Haddon,bhaddonho@hp.com,
0035001v2AN8mAaBQz,Noella,Sawforde,nsawfordehp@cloudflare.com,Gigabit Fibe 1.5
003500t378q1pFgjh7,Chiquia,Devonport,cdevonporthq@skype.com,
0035005cZP8a7zr8AT,Noel,Dradey,ndradeyhr@networkadvertising.org,Gigabit Fibe 1.5
00350007juH5Vm1Vyc,Tony,Gluyas,tgluyashs@utexas.edu,
003500LC9BODEiuTzm,Evangelia,Maddick,emaddickht@pagesperso-orange.fr,Gigabit Fibe 1
003500yBam6Qk2tb0j,Iolanthe,Jeyness,ijeynesshu@techcrunch.com,Fibe 500
003500Jq51E0M32ZYx,Winonah,Sterry,wsterryhv@washingtonpost.com,Fibe 500
003500GFd2XfP8J8LB,Jobina,Kike,jkikehw@google.es,Gigabit Fibe 1
003500iHQrqr7fjfzy,Cassius,Minchinton,cminchintonhx@last.fm,Gigabit Fibe 1.5
003500bz7XmcyvfIeA,Aldis,Stobbart,astobbarthy@youku.com,
003500P0s6k6UBz9e6,Brand,Furnival,bfurnivalhz@alibaba.com,Fibe 500
003500yYHEOOGs9ONJ,Ellary,Andrzejczak,eandrzejczaki0@cisco.com,
003500EaLU8y49c0dr,Paloma,Ianni,piannii1@kickstarter.com,Fibe 500
003500KAD1Rg52jlA4,Dreddy,Kruschev,dkruschevi2@mapquest.com,
003500rIzZWFcSYfZ4,Sileas,Fleeming,sfleemingi3@cbc.ca,Fibe 500
003500WK7ukc8P5Zx6,Gordy,Zimmermeister,gzimmermeisteri4@umich.edu,Fibe 500
003500LMBl7fiv20kH,Englebert,Gurney,egurneyi5@msu.edu,Gigabit Fibe 1
003500GN58r0v4M4fW,Demetria,Cluely,dcluelyi6@phoca.cz,
003500V827eC3i0H6K,Wendie,Hitzke,whitzkei7@deviantart.com,Fibe 500
003500r3oyv6hD3LjX,Uta,Klementz,uklementzi8@census.gov,Gigabit Fibe 1.5
003500P7FM1y5287iR,Shanie,Canada,scanadai9@oaic.gov.au,Gigabit Fibe 1
0035005pgMY4hK8mqp,Harrie,Stagg,hstaggia@t-online.de,Gigabit Fibe 1
00350016770n2gBxVV,Maurizia,Hallagan,mhallaganib@cnn.com,Gigabit Fibe 1.5
003500ly0hIdyutxSG,Magdalena,McQuillan,mmcquillanic@ezinearticles.com,
00350003Llb0LG95Dr,Michele,Ottee,motteeid@last.fm,Fibe 500
003500Op9n07IAC4zh,Adler,Cicchelli,acicchelliie@blinklist.com,Fibe 500
003500Y36ow688p0Ww,Cori,Snoddy,csnoddyif@jimdo.com,Fibe 500
003500KIh3532wjCb9,Jillian,Claye,jclayeig@addthis.com,Fibe 500
003500Kk5dPSwsY16R,Libbey,Paling,lpalingih@google.nl,Fibe 500
003500guzYXbv26lDJ,Hadrian,Somerled,hsomerledii@bluehost.com,Gigabit Fibe 1.5
0035003HiYoo1790Wu,Conrad,Arnaudon,carnaudonij@4shared.com,
0035003HDNx6k1t809,Nina,Woan,nwoanik@bizjournals.com,Gigabit Fibe 1.5
003500RCkyB1119SP8,Callie,Etienne,cetienneil@naver.com,Fibe 500
003500I7W6UNK50r0L,Oran,Firebrace,ofirebraceim@163.com,
003500Mgy862fHv4V9,Diahann,Fontanet,dfontanetin@ed.gov,Fibe 500
0035006aEC57SS6538,Putnam,Gonzales,pgonzalesio@is.gd,Fibe 500
003500M76Kvuu41N4w,Keefe,Aleksahkin,kaleksahkinip@issuu.com,Fibe 500
003500u7PXn913FHom,Bobbie,Larder,blarderiq@amazon.de,Fibe 500
003500NKCSs2L9PHtL,Joshia,Terbeck,jterbeckir@etsy.com,Gigabit Fibe 1
003500yWE2zQ0Q7y3Q,Koren,McGillivrie,kmcgillivrieis@usnews.com,Gigabit Fibe 1.5
00350003rHTbZ7wrP7,Stanislas,Wrate,swrateit@engadget.com,Gigabit Fibe 1
0035007753zIHQ04yM,Danyelle,Dragon,ddragoniu@microsoft.com,Fibe 500
003500K2Jq90BA3nG8,York,Richel,yricheliv@lycos.com,Fibe 500
003500DGNs8zl8mC8F,Holli,Rumbellow,hrumbellowiw@github.io,
003500w0i76HMX4ce5,Aloin,Staddart,astaddartix@imgur.com,Gigabit Fibe 1
003500I40BOj6QDDE2,Garvy,Hopewell,ghopewelliy@ycombinator.com,Fibe 500
003500tkuecE22kmaO,Edith,Bernardi,ebernardiiz@quantcast.com,
003500wis1sp7RSNYB,Arleta,Youell,ayouellj0@live.com,Gigabit Fibe 1
003500z7HiN66M9tk4,Casey,Leatham,cleathamj1@oakley.com,Fibe 500
003500Q5iNi8CLgvJ3,Perri,Hartshorne,phartshornej2@tinypic.com,Gigabit Fibe 1
003500u1q0gBF00Co3,Derrik,Currin,dcurrinj3@vkontakte.ru,Gigabit Fibe 1.5
003500b7A24FJQp116,Kain,Fellows,kfellowsj4@devhub.com,Gigabit Fibe 1
00350067Eyl9U0cl5F,Ignazio,MacLucais,imaclucaisj5@gnu.org,
0035000Fmo0AVjuOei,Shoshanna,Millard,smillardj6@facebook.com,
003500bc4ln30oVsmw,Hoyt,Wreight,hwreightj7@imdb.com,
003500Z84V77TA6qR1,Serge,Baccup,sbaccupj8@unc.edu,Gigabit Fibe 1.5
003500giiXfKQ6275u,Sibeal,Ricardon,sricardonj9@biblegateway.com,Fibe 500
003500lf0Fklu0aZ7k,Urban,Klimochkin,uklimochkinja@businesswire.com,Gigabit Fibe 1.5
00350078GPL10PwFZO,Fanni,Fieldsend,ffieldsendjb@npr.org,Gigabit Fibe 1.5
003500s0FzSieE3a8A,Lula,Hayles,lhaylesjc@edublogs.org,Gigabit Fibe 1.5
003500ZSnJBdE9wMnA,Herschel,Lanceley,hlanceleyjd@google.co.uk,
003500tgRXqGOhf3Xv,Margareta,Goublier,mgoublierje@ezinearticles.com,
003500z3SG22VKkltB,Corrinne,Iorizzo,ciorizzojf@upenn.edu,Gigabit Fibe 1.5
0035000tNfQOU3289H,Simmonds,Tytler,stytlerjg@csmonitor.com,Gigabit Fibe 1
00350057ZuUy9x33ZX,Wrennie,Tieman,wtiemanjh@rediff.com,Gigabit Fibe 1.5
003500n3Ds5FtcNDR6,De witt,Sweynson,dsweynsonji@purevolume.com,Gigabit Fibe 1.5
003500M156J68NZa5f,Rockwell,Hagard,rhagardjj@devhub.com,Fibe 500
003500cI396o5jAMGr,Muffin,Hansen,mhansenjk@fotki.com,
00350018wfzm6NTg48,Mada,Stenton,mstentonjl@jimdo.com,Fibe 500
003500hSRvM15mfUop,Adolf,Stephens,astephensjm@abc.net.au,Fibe 500
0035007qbF107MM1c2,Anatola,Tatem,atatemjn@mit.edu,Gigabit Fibe 1.5
00350007xCfpuFSo9s,Annabal,Seden,asedenjo@51.la,Gigabit Fibe 1.5
0035002775B05Ix217,Clare,Goodchild,cgoodchildjp@wix.com,
003500WI444kFdT9vl,Francklyn,Hilldrop,fhilldropjq@angelfire.com,
003500Y95R8aHLye09,Wylie,Belchambers,wbelchambersjr@gmpg.org,Fibe 500
003500Dm4y3tywW57b,Helaine,Croneen,hcroneenjs@ocn.ne.jp,Gigabit Fibe 1
0035008IvQH4U13PBm,Sheela,Morby,smorbyjt@google.es,Gigabit Fibe 1.5
0035006Y9Y1ozON1c4,Ekaterina,Monument,emonumentju@blogtalkradio.com,Fibe 500
003500v6cf69C4l7k6,Audrie,Surfleet,asurfleetjv@ycombinator.com,Gigabit Fibe 1
00350049a5cED8sZfw,Doloritas,Boarleyson,dboarleysonjw@stumbleupon.com,Fibe 500
0035008p2i9OPJ0v79,Lester,Adamowicz,ladamowiczjx@ifeng.com,Fibe 500
003500jl2Cu84MiDRG,Felizio,St. Quintin,fstquintinjy@tumblr.com,Gigabit Fibe 1
003500Z0mrLA4fsJ6R,Coraline,Naris,cnarisjz@weather.com,Gigabit Fibe 1
003500TC5IU5Oz8IJy,Krissie,Ingolotti,kingolottik0@chronoengine.com,
003500nHP4QFwNgMt7,Adele,Hayselden,ahayseldenk1@timesonline.co.uk,
003500e0vc1mo6uoyN,Bidget,Szwandt,bszwandtk2@skype.com,Gigabit Fibe 1.5
0035008902hLR78BBL,Rae,Duplock,rduplockk3@biblegateway.com,
003500O7c8D93m16wE,Mari,Wheatland,mwheatlandk4@indiatimes.com,Gigabit Fibe 1
0035005Wi8miH01aJL,Kareem,Medforth,kmedforthk5@youtu.be,Fibe 500
003500r0G8XeL7dP63,Fayth,Stokell,fstokellk6@state.tx.us,Fibe 500
0035007IT665nUf58t,Tan,Worsnop,tworsnopk7@typepad.com,Fibe 500
00350037b9Q9IdE9vw,Malina,Arnault,marnaultk8@hibu.com,Gigabit Fibe 1.5
003500zaFsBws63pLj,Francesca,Minger,fmingerk9@myspace.com,Fibe 500
003500UcKabu6ZxHg5,Rriocard,Mityukov,rmityukovka@pcworld.com,
0035002AIUlEMa6itq,Gayle,Fipp,gfippkb@amazon.co.jp,Gigabit Fibe 1
003500qsWZ4Zc9VU88,Madelene,Geraldi,mgeraldikc@netvibes.com,Gigabit Fibe 1
003500y1n0D6tNV5U1,Hetti,Downer,hdownerkd@4shared.com,Gigabit Fibe 1
003500Srgb6GY10LxE,Kale,Hartgill,khartgillke@ow.ly,Fibe 500
0035003U9SMHPM1mAB,Donella,Kyberd,dkyberdkf@vinaora.com,Fibe 500
0035007RcAjs4sFGS6,Barnett,Vivien,bvivienkg@acquirethisname.com,Gigabit Fibe 1.5
003500iyWR4mPAzhXd,Aleen,Vittet,avittetkh@cisco.com,Gigabit Fibe 1
003500Jt863R5c8r94,Stefania,Yakebowitch,syakebowitchki@hao123.com,Gigabit Fibe 1
003500RWA9m4183b7g,Modestine,Cometto,mcomettokj@newyorker.com,Fibe 500
00350084k6bjl0KpGf,Nance,Larratt,nlarrattkk@yahoo.co.jp,Fibe 500
003500Ob7wKq6A84Z9,Alva,Sigg,asiggkl@sciencedaily.com,Gigabit Fibe 1.5
003500vE9RWsW2q4G9,Cordula,Galway,cgalwaykm@nsw.gov.au,
0035007xZ71y1j70O9,Rufus,Bigland,rbiglandkn@huffingtonpost.com,Fibe 500
0035003joVIu9vSQNw,Megan,Hannant,mhannantko@accuweather.com,Gigabit Fibe 1
003500x0jdTxPsQzuM,Jerrylee,Dymock,jdymockkp@usnews.com,Gigabit Fibe 1.5
003500dr1Mbdv7iAXk,Roberta,Bussetti,rbussettikq@smugmug.com,Gigabit Fibe 1.5
003500uhf01ik2iBi5,Shel,Colleck,scolleckkr@nhs.uk,Fibe 500
003500emX2KX1GGN82,Dawn,Lawes,dlawesks@woothemes.com,Fibe 500
003500I5Po30AJP6M2,Constance,Chatenet,cchatenetkt@sakura.ne.jp,Fibe 500
003500dF4e4abH7jFN,Constantino,Gobat,cgobatku@prweb.com,Gigabit Fibe 1
003500yP0Y2YCob8kd,Bartel,Barrett,bbarrettkv@google.co.jp,
003500Micx917F1atg,Deva,Segar,dsegarkw@loc.gov,Fibe 500
0035002K3eHvjVGr95,Benjie,Ianilli,bianillikx@123-reg.co.uk,Gigabit Fibe 1.5
003500H077tyZkVt27,Egor,Mc Faul,emcfaulky@berkeley.edu,
003500UUU47zP74VWU,Alfie,Wittier,awittierkz@tuttocitta.it,Gigabit Fibe 1
003500T3AFbMci9dfq,Hyacinth,Geistmann,hgeistmannl0@wp.com,Fibe 500
003500AXo41deY5q3x,Nonah,Preator,npreatorl1@arizona.edu,Fibe 500
003500BkaFX74w4gR5,Irita,Tubbles,itubblesl2@merriam-webster.com,Fibe 500
003500h140Ec9b35UX,Miltie,Pragnall,mpragnalll3@aol.com,Gigabit Fibe 1.5
00350083mrX6H7uHo4,Henderson,Woolsey,hwoolseyl4@privacy.gov.au,
0035000o3nReb4v20Y,Brennan,Hambridge,bhambridgel5@bizjournals.com,Fibe 500
003500yYW4KZ3U2S0P,Hasty,Farey,hfareyl6@arstechnica.com,Gigabit Fibe 1
003500F2u5UHh4453y,Tiphani,Alves,talvesl7@aol.com,Fibe 500
003500aUy2aCM19l6G,Peggi,Lantry,plantryl8@hostgator.com,Gigabit Fibe 1.5
003500C7nXk5l19h9k,Carmon,MacGown,cmacgownl9@stanford.edu,Gigabit Fibe 1.5
003500g451zyA7TuD2,Wanda,Corbert,wcorbertla@google.co.jp,Fibe 500
003500Vo93GM8nBq9z,Jandy,Pignon,jpignonlb@reuters.com,
003500D8dz9ZrJ5y7U,Filippa,Dolling,fdollinglc@soundcloud.com,Fibe 500
003500NDV6T08OQ85z,Briney,Bellany,bbellanyld@oracle.com,Gigabit Fibe 1.5
0035002G50oJ87FR79,Angelle,Casperri,acasperrile@shop-pro.jp,Fibe 500
003500J3Q96yz7IWr7,Harris,O'Shee,hosheelf@dagondesign.com,Fibe 500
003500EjJY1b59MdZA,Sherwynd,McColley,smccolleylg@furl.net,Gigabit Fibe 1.5
00350087k0l9ujM89u,Jeniece,Mundford,jmundfordlh@epa.gov,
003500MWIM7Btew4Cx,Welbie,Malim,wmalimli@cornell.edu,
003500001RPc9EotPu,Bamby,Jowle,bjowlelj@desdev.cn,
003500rVsN909Iq5g2,Kenny,Wimmers,kwimmerslk@google.nl,Fibe 500
0035003Tb3yQV2MRtH,Dareen,Syder,dsyderll@altervista.org,Gigabit Fibe 1.5
0035003wB1FHXcnNAB,Sloan,O'Reilly,soreillylm@google.it,Fibe 500
003500orAYmoZ5d44o,Torie,Krabbe,tkrabbeln@businessweek.com,Gigabit Fibe 1.5
003500ZxiH49v8wXWi,Dall,Cubbon,dcubbonlo@cdbaby.com,
003500XO0B6f3gq38K,Belle,Cawsey,bcawseylp@cloudflare.com,
0035005Ku2l3T7V7N9,Rafi,Dingate,rdingatelq@uol.com.br,
003500ebx220f79CQN,Ellene,Castagnaro,ecastagnarolr@yandex.ru,Fibe 500
0035000MY0hwX7JN6v,Torey,Lyven,tlyvenls@prlog.org,Gigabit Fibe 1.5
0035002R1Kn8iE3Hzr,Vernice,Beere,vbeerelt@woothemes.com,Fibe 500
003500u0Y35y9ocba9,Natala,Goldingay,ngoldingaylu@github.io,Gigabit Fibe 1.5
003500IbA8IW98703G,Margot,Berthelet,mbertheletlv@thetimes.co.uk,Gigabit Fibe 1.5
003500Yf8GLkATs7P6,Jaquith,Reay,jreaylw@mozilla.org,Gigabit Fibe 1
003500aPB6ZnM7PbC1,Vlad,Kernaghan,vkernaghanlx@purevolume.com,Gigabit Fibe 1
003500NEaR241yPl4O,Manolo,Roath,mroathly@printfriendly.com,Fibe 500
0035007PT8A05k6X6w,Ayn,Fanthom,afanthomlz@usatoday.com,Gigabit Fibe 1.5
003500L54KQk4E7PEO,Corinne,Whiscard,cwhiscardm0@livejournal.com,Fibe 500
003500S5NvaKKZoOUD,Anastasie,Bourbon,abourbonm1@businesswire.com,Fibe 500
003500wyGMNN9lsT85,Lanie,Masic,lmasicm2@privacy.gov.au,Fibe 500
0035008TN9Arlj9Rk6,Christie,Addicott,caddicottm3@businessweek.com,Gigabit Fibe 1
003500q3VZq6EvX680,Louella,Eyles,leylesm4@salon.com,Fibe 500
0035007J9MmtoyHN6O,Maggi,Jacson,mjacsonm5@i2i.jp,Fibe 500
0035007w13g0FOgjH0,Ransom,Petz,rpetzm6@hp.com,Fibe 500
003500783bQ2OUO8C1,Warner,Crangle,wcranglem7@answers.com,Fibe 500
00350055x0IuEeNwgb,Aggi,Carlow,acarlowm8@purevolume.com,Gigabit Fibe 1
003500EFjuKH1c2vj6,Francklin,Woolstenholmes,fwoolstenholmesm9@nymag.com,Gigabit Fibe 1
003500MuInHG2OMzGh,Patrizia,Autry,pautryma@woothemes.com,Gigabit Fibe 1
003500BfxrRo310q5C,Jolynn,Argont,jargontmb@ucoz.com,Gigabit Fibe 1.5
003500bK8Sojk9v9TF,Tova,Egle of Germany,tegleofgermanymc@wordpress.org,Fibe 500
003500r1lfS5ciENWK,Jelene,McKeurton,jmckeurtonmd@behance.net,Fibe 500
003500zw3jfmgkDaB7,Maudie,Zumbusch,mzumbuschme@hc360.com,Gigabit Fibe 1
003500v90QI0d4E2LE,Godfree,Zanazzi,gzanazzimf@dyndns.org,
003500Atgy21c3n3k3,Vonny,Sattin,vsattinmg@dailymotion.com,
003500z4S5V6DP3N05,Carney,Zanetto,czanettomh@chicagotribune.com,Gigabit Fibe 1.5
003500FkPi61oLDN9m,Stacee,Clouter,scloutermi@booking.com,Fibe 500
003500I2WJ5yMIqBHG,Bruce,Bunce,bbuncemj@smugmug.com,Fibe 500
0035000F8Q2hnR113p,Eben,Chisholm,echisholmmk@jalbum.net,Gigabit Fibe 1
003500bGxHmT3451M6,Antonio,Effnert,aeffnertml@google.com.hk,Fibe 500
0035007Ok2x6C2xd11,Doro,Birkinshaw,dbirkinshawmm@ycombinator.com,Fibe 500
003500l60OK0F5enO4,Julius,Birdwhistle,jbirdwhistlemn@tinyurl.com,Gigabit Fibe 1.5
003500JOJ6efe43a5q,Tobiah,Truse,ttrusemo@dropbox.com,Gigabit Fibe 1.5
0035007LU9FUbkJrU3,Susann,Matthew,smatthewmp@google.ru,Gigabit Fibe 1.5
003500E414783d6rmu,Salomone,Crosskill,scrosskillmq@nps.gov,Gigabit Fibe 1.5
003500XAqDO7E7m3kT,Crosby,Harsent,charsentmr@dailymotion.com,Fibe 500
003500cLL572j1t9Xy,Randy,Hincks,rhincksms@techcrunch.com,Fibe 500
00350081SpYV3Es9bK,Lidia,Peddersen,lpeddersenmt@blogger.com,Fibe 500
0035007g72M83fh26n,Freedman,Legen,flegenmu@youtube.com,Fibe 500
003500nb6ag4jr8TV8,Lemuel,Erlam,lerlammv@bloglovin.com,Fibe 500
00350033Mh64S4W1p2,Dulci,Stockney,dstockneymw@auda.org.au,Fibe 500
003500twhGWZ6dVjXk,Daffy,Fedynski,dfedynskimx@sakura.ne.jp,Fibe 500
0035004aZEsHF1gaU2,Chandler,Kniveton,cknivetonmy@weather.com,Gigabit Fibe 1
003500i1dWYb0xA46Z,Aurea,Gross,agrossmz@hud.gov,Fibe 500
003500Ki59eXfcF8wG,Wolf,Pascoe,wpascoen0@mail.ru,
0035007DedCTkexc9E,Waldon,Ricket,wricketn1@reuters.com,Gigabit Fibe 1
0035005q8jpdplrDRs,Claudia,Leggan,cleggann2@who.int,Fibe 500
0035005w4Iw9joW3zz,Alice,Bullene,abullenen3@ning.com,Fibe 500
003500GfbIJ1J7IZxO,Kassia,Dumphy,kdumphyn4@fotki.com,Gigabit Fibe 1
003500bRso0mELsXG8,Ashli,Eliaz,aeliazn5@hubpages.com,
0035009Qr39KpU3AXR,Carlyn,Khotler,ckhotlern6@vinaora.com,Fibe 500
003500A1BBY19Eblv9,Lauryn,Pecht,lpechtn7@tuttocitta.it,
0035009UH42zTWv1J0,Pail,Speeks,pspeeksn8@japanpost.jp,
0035008RYDeWB9snPR,Dolf,Wordley,dwordleyn9@loc.gov,Fibe 500
0035009z9ODOhwRb7w,Brier,Banfield,bbanfieldna@trellian.com,
0035009z0SHfSG9iy0,Shani,Heighton,sheightonnb@domainmarket.com,Gigabit Fibe 1
003500y5d5EVEk3Nk4,Ganny,Norker,gnorkernc@cpanel.net,
003500d0HARwL4BmU6,Janine,Radband,jradbandnd@examiner.com,Fibe 500
003500uVhAjX1qfw1V,Norrie,Scrimshire,nscrimshirene@google.co.uk,Fibe 500
0035009081Bt4PPePq,Antonio,Bremley,abremleynf@google.com.au,Fibe 500
00350017m0323py3k4,George,Barks,gbarksng@hugedomains.com,Gigabit Fibe 1
0035002VzNcb9s1Kpq,Manda,Bindley,mbindleynh@vistaprint.com,Gigabit Fibe 1.5
0035005TOfR3cw3E6K,Nicol,Wemes,nwemesni@washingtonpost.com,Gigabit Fibe 1
003500KH5585el7G5p,Colleen,Fullard,cfullardnj@mapy.cz,Gigabit Fibe 1
0035005o8yHNZqlb36,Hillier,Mundwell,hmundwellnk@nyu.edu,Gigabit Fibe 1.5
003500W88P8MbnLN2V,Stanislaw,Blasiak,sblasiaknl@naver.com,Fibe 500
0035001qG8xHZy8vMH,Ramona,Adamiec,radamiecnm@macromedia.com,Gigabit Fibe 1.5
0035004CVA3aRBa3fh,Lindie,Sysland,lsyslandnn@t-online.de,
003500wTOyRaMGi59V,Marius,Weatherell,mweatherellno@free.fr,Fibe 500
0035007T5S9oPr5231,Fitzgerald,Kochel,fkochelnp@bloglines.com,Gigabit Fibe 1.5
003500f9tJst1ld92V,Masha,Zimmerman,mzimmermannq@addthis.com,Gigabit Fibe 1.5
003500IVuYgZ4CDJiO,Keene,Paynter,kpaynternr@dyndns.org,Fibe 500
003500L3Ys7584c88i,La verne,Venart,lvenartns@cisco.com,Fibe 500
0035007jl94si5Q3Cw,Tammie,Adolthine,tadolthinent@patch.com,Gigabit Fibe 1.5
003500USTY85T3KQ4f,Zachariah,Magill,zmagillnu@devhub.com,Gigabit Fibe 1
0035001zqf1WDL3l0N,Deborah,O'Sesnane,dosesnanenv@salon.com,Gigabit Fibe 1
0035007CjF4Mk7jMAA,Bettina,McGeechan,bmcgeechannw@weebly.com,Gigabit Fibe 1
003500JY74s3FgGrX7,Hieronymus,Burgett,hburgettnx@sphinn.com,Fibe 500
003500FPEmv8l721l3,Dale,Menat,dmenatny@wired.com,Gigabit Fibe 1.5
003500vs81e56rx7nq,Gib,Gloyens,ggloyensnz@ezinearticles.com,Fibe 500
003500Jzn6DmtoWH6n,Jenni,Ramelet,jrameleto0@pinterest.com,Gigabit Fibe 1
00350040zizYj9A1ny,Tore,Itzchaki,titzchakio1@google.com.hk,Gigabit Fibe 1
003500X96oSGvGeP80,Gaven,Mullan,gmullano2@drupal.org,Gigabit Fibe 1
003500RwA71J70tnZ7,Camilla,MacDermott,cmacdermotto3@cnet.com,Gigabit Fibe 1
003500K5MYD6hhTzX5,Lizette,Bassom,lbassomo4@csmonitor.com,
003500JII32LdyMkL6,Nicola,Gyles,ngyleso5@army.mil,Gigabit Fibe 1
0035007ONbzh75rA8i,Diarmid,MacKill,dmackillo6@wiley.com,Gigabit Fibe 1.5
00350022go27p6N1HQ,Misty,Kyndred,mkyndredo7@wisc.edu,Gigabit Fibe 1
0035003pPieRg8DZJ7,Torrance,Barensen,tbarenseno8@deviantart.com,Fibe 500
003500338SElwLOJaH,Wiatt,Rojas,wrojaso9@msu.edu,Gigabit Fibe 1
00350042JJ7qK7l503,Mateo,Volante,mvolanteoa@naver.com,Gigabit Fibe 1.5
0035007Bt0rZRsT4J7,Ricky,Weekley,rweekleyob@amazon.co.jp,
003500I7o2jY58yJT9,Felice,Torricina,ftorricinaoc@bloomberg.com,
00350021MGdZJNx5SL,Gwen,Gowthorpe,ggowthorpeod@google.co.jp,
0035004k9Wmlzw2405,Rachael,Scurrell,rscurrelloe@forbes.com,Gigabit Fibe 1.5
0035003F1LuB38Vx1H,Quint,Andres,qandresof@sfgate.com,Fibe 500
0035000hm9yb1yR8cl,Muriel,Straffon,mstraffonog@japanpost.jp,Gigabit Fibe 1.5
00350016R0V283n86c,Chandler,Doonican,cdoonicanoh@virginia.edu,Gigabit Fibe 1.5
003500x3p8T3USpEdC,Renard,Hallbird,rhallbirdoi@virginia.edu,Gigabit Fibe 1.5
003500u05LJr8f2u9n,Stavros,Stolli,sstollioj@elegantthemes.com,Fibe 500
0035000M2i4Ooe574h,Sibylle,McGonagle,smcgonagleok@theguardian.com,
0035003X6n7SOd4S3Y,Udale,Addicott,uaddicottol@upenn.edu,Gigabit Fibe 1
003500U105pxCuzC48,Analise,Gozzard,agozzardom@microsoft.com,Fibe 500
003500seF83nQRI38z,Tudor,Kneeland,tkneelandon@gravatar.com,
003500S2ZJz8u3LvE9,Clywd,Younglove,cyoungloveoo@google.com.hk,Gigabit Fibe 1.5
003500crke5TM8XGQ7,Rudy,Ravelus,rravelusop@gmpg.org,Gigabit Fibe 1.5
0035007l5rZD8EZUew,Zelma,Gouny,zgounyoq@liveinternet.ru,Gigabit Fibe 1
003500t674tePj96t8,Truda,Threadgould,tthreadgouldor@google.ca,Gigabit Fibe 1
003500K8O6gYpSS06f,Gerti,Eseler,geseleros@rakuten.co.jp,Gigabit Fibe 1
003500ahOjM66J9e53,Alika,Lindborg,alindborgot@yale.edu,Fibe 500
0035006nBXuy70qjTo,Dorisa,De La Salle,ddelasalleou@ftc.gov,Fibe 500
003500Mw7nvIB971Ez,Markos,Calderon,mcalderonov@edublogs.org,Fibe 500
003500z8Ei4f51iI1M,Charmion,McEntagart,cmcentagartow@statcounter.com,Gigabit Fibe 1
0035006Dxyk6EbEm4e,Florida,Abbatini,fabbatiniox@acquirethisname.com,
00350097RmSv7cXi57,Theodosia,Klasing,tklasingoy@ed.gov,Gigabit Fibe 1
003500xKuE372Did9I,Izak,Beverstock,ibeverstockoz@tumblr.com,Fibe 500
00350057eN0h29eaj8,Conney,Orrick,corrickp0@arstechnica.com,Gigabit Fibe 1
003500KL9YE64cU4x4,Yalonda,Feely,yfeelyp1@mail.ru,Fibe 500
00350013ToOKS8HZw3,Jedediah,Kleisel,jkleiselp2@weebly.com,Gigabit Fibe 1.5
003500h4SyV5eG4B8K,Bill,Laborda,blabordap3@gmpg.org,Gigabit Fibe 1.5
003500zoMfRzN9s33s,Robbi,Rowbottam,rrowbottamp4@tuttocitta.it,Fibe 500
003500cXOGkuz4DW6T,Cornelle,Colkett,ccolkettp5@netvibes.com,Fibe 500
00350042S87Kf9s59E,Anne,Deveril,adeverilp6@ifeng.com,Fibe 500
003500xpR18nkJByGY,Bathsheba,Schwander,bschwanderp7@rakuten.co.jp,Fibe 500
003500bFpg9f6yE5b7,Ceil,Gyves,cgyvesp8@virginia.edu,Fibe 500
003500l4W4zZieJ0KZ,Teena,Dowley,tdowleyp9@bigcartel.com,Fibe 500
003500Tw1kUNp2YS1f,Nick,Kliche,nklichepa@ox.ac.uk,Fibe 500
003500gAUNSBbr0za1,Myriam,Guite,mguitepb@virginia.edu,Gigabit Fibe 1
0035000DEyFL7M8mr1,Osborn,Klambt,oklambtpc@nsw.gov.au,Gigabit Fibe 1.5
003500mCz0aG2bheoF,Sheryl,Newark,snewarkpd@sohu.com,Gigabit Fibe 1.5
003500Nrb7Zl1H6F59,Moria,Alger,malgerpe@github.com,Fibe 500
003500LqYno87dkzD4,Doro,D'Alwis,ddalwispf@webnode.com,
003500X3S8Wj8U1T4Y,Omar,Forryan,oforryanpg@tiny.cc,
003500U6GLH22I51H4,Gnni,Simpole,gsimpoleph@yellowbook.com,
003500AQEu1V6v23VW,Adelaida,Vercruysse,avercruyssepi@bloglovin.com,Fibe 500
003500qGI633o359Hz,Amberly,Erbain,aerbainpj@comcast.net,Fibe 500
003500RPks45CxAOsV,Pate,Innott,pinnottpk@skype.com,Fibe 500
003500XI2tS0f3pqUR,Abigail,Danzig,adanzigpl@prweb.com,Gigabit Fibe 1.5
0035006jJE3pB99FV2,Augustin,Rowan,arowanpm@sciencedirect.com,Fibe 500
003500OF9IAKWbntuT,Alwyn,Jeanet,ajeanetpn@ovh.net,
003500w2yUNtW9p342,Dayle,Leversuch,dleversuchpo@networksolutions.com,Fibe 500
003500oG080ZQ62fdG,Amye,Gagen,agagenpp@paginegialle.it,Fibe 500
003500wDzkcOIx3ej0,Normy,Grovier,ngrovierpq@ocn.ne.jp,Gigabit Fibe 1
0035008SbDh5i6TWZE,Hunfredo,Paragreen,hparagreenpr@hatena.ne.jp,
003500DIUsnjavYm8V,Georas,Treker,gtrekerps@weibo.com,Gigabit Fibe 1
003500Uyc268JtA49V,Dionis,Martello,dmartellopt@exblog.jp,Gigabit Fibe 1.5
003500Qh6YudW7wwfZ,Anjanette,Seivertsen,aseivertsenpu@blogs.com,
003500FiH82C9C86Ir,Erroll,Van Velde,evanveldepv@ow.ly,Gigabit Fibe 1
003500pEz07K05Omk5,Glenden,Wanklyn,gwanklynpw@harvard.edu,Gigabit Fibe 1.5
003500H8Mq06w1Z6L1,Orsola,Kornousek,okornousekpx@aol.com,Fibe 500
003500M3b2zNnCiTAb,Pail,Deex,pdeexpy@list-manage.com,Gigabit Fibe 1
003500ddkUui7T002r,Marguerite,Solesbury,msolesburypz@phpbb.com,Gigabit Fibe 1.5
00350001a74B7uU6yZ,Floris,Walczak,fwalczakq0@mapquest.com,Gigabit Fibe 1.5
003500i7R8BkJ6xvpI,Cody,Lucus,clucusq1@techcrunch.com,
003500SNzg10eV2IKL,Pall,Mackinder,pmackinderq2@bloglines.com,Gigabit Fibe 1
003500URn76xrU47fh,Marchall,Briggdale,mbriggdaleq3@about.com,
003500Fm25A1jaJ7Bp,Karee,Spearman,kspearmanq4@epa.gov,Fibe 500
003500R3g40XOKy1jV,Callean,Wolland,cwollandq5@about.com,
003500A13Bd82h4CzK,Reynard,Abramowsky,rabramowskyq6@icio.us,
