Email,Consent Date
sarah.chen@techforge.io,2026-04-15T14:00:00Z
miguel.santos@iberiadigital.es,2026-04-15T14:00:00Z
priya.patel@mumbaitelecom.in,2026-04-15T14:00:00Z
hans.mueller@berlinnetworks.de,2026-04-15T14:00:00Z
emma.thompson@manchestermedia.co.uk,2026-04-15T14:00:00Z
lucas.silva@rioconnect.com.br,2026-04-15T14:00:00Z
marie.dubois@parisdata.fr,2026-04-15T14:00:00Z
james.walker@denversystems.io,2026-04-15T14:00:00Z
akira.tanaka@tokyodigital.jp,2026-04-15T14:00:00Z
sofia.rossi@milanoconnect.it,2026-04-15T14:00:00Z
jan.devries@amsterdamcloud.nl,2026-04-15T14:00:00Z
olivia.andersson@stockholmtech.se,2026-04-15T14:00:00Z
piotr.kowalski@warsawtelecom.pl,2026-04-15T14:00:00Z
charlotte.martin@brusselsdata.be,2026-04-15T14:00:00Z
liam.oconnor@dublinnetworks.ie,2026-04-15T14:00:00Z
rita.almeida@lisbonconnect.pt,2026-04-15T14:00:00Z
david.kim@seoulmedia.kr,2026-04-15T14:00:00Z
ahmed.hassan@dubaiconnect.ae,2026-04-15T14:00:00Z
wei.zhang@singaporenetworks.sg,2026-04-15T14:00:00Z
isabella.moreno@mexicocitymedia.mx,2026-04-15T14:00:00Z
oliver.smith@londondigital.co.uk,2026-04-15T14:00:00Z
valentina.herrera@bogotaconnect.co,2026-04-15T14:00:00Z
noah.johansson@copenhagendata.dk,2026-04-15T14:00:00Z
ava.mitchell@torontonetworks.ca,2026-04-15T14:00:00Z
mateo.fernandez@buenosairestech.com.ar,2026-04-15T14:00:00Z
lena.wagner@viennadigital.at,2026-04-15T14:00:00Z
ethan.brown@sydneycloud.com.au,2026-04-15T14:00:00Z
chloe.bernard@lyonnetworks.fr,2026-04-15T14:00:00Z
rajesh.kumar@bangaloresystems.in,2026-04-15T14:00:00Z
grace.nakamura@osakadata.jp,2026-04-15T14:00:00Z
