email,product_demo_interest
mlawther0@sciencedirect.com,No
phutcheon1@telegraph.co.uk,No
cpossell2@github.io,Yes
gdirkin3@latimes.com,Yes
zdaveren4@eventbrite.com,Yes
gbaudinot5@nydailynews.com,No
ehanbridge6@naver.com,Yes
ctrevaskis7@photobucket.com,No
parrighini8@51.la,No
gvittle9@ed.gov,Yes
rcraytona@eepurl.com,Yes
eprucknerb@storify.com,No
gpackerc@vk.com,Yes
dnickelsd@scientificamerican.com,Yes
mgransdene@jimdo.com,Yes
gkettowf@addtoany.com,No
cbausmanng@so-net.ne.jp,Yes
ccasillish@reference.com,No
aethridgei@cnet.com,No
dgaitungj@vkontakte.ru,Yes
mburgisik@paypal.com,Yes
swhitlandl@about.me,Yes
wjosselsonm@pagesperso-orange.fr,Yes
ldanielsn@yellowbook.com,No
sshurlocko@alexa.com,No
lkilloughp@webnode.com,Yes
wsangwinq@chronoengine.com,Yes
rfranklandr@youtu.be,No
umars@cam.ac.uk,Yes
lstennett@bloglovin.com,Yes
jolennikovu@artisteer.com,Yes
jrossbrookev@omniture.com,Yes
lwainscotw@yale.edu,No
dgaddiex@ebay.com,No
nklemkey@mozilla.org,Yes
jroselliniz@mediafire.com,No
blacelett10@studiopress.com,No
amessent11@npr.org,No
gavarne12@unblog.fr,No
kruprecht13@narod.ru,No
abloor14@gravatar.com,No
blinton15@amazon.com,No
nsindle16@twitter.com,Yes
drolance17@elegantthemes.com,No
scornner18@tmall.com,No
ycorrado19@harvard.edu,Yes
mviel1a@bing.com,Yes
kmacascaidh1b@businessweek.com,No
sdrohun1c@lycos.com,No
eburdfield1d@de.vu,Yes
dkisting1e@tmall.com,No
astelfax1f@parallels.com,No
frolinson1g@lulu.com,Yes
hsharrem1h@1und1.de,Yes
gzorzoni1i@stanford.edu,Yes
csalvage1j@globo.com,No
alearned1k@webeden.co.uk,Yes
callanson1l@tumblr.com,Yes
jditter1m@microsoft.com,Yes
dperillo1n@pagesperso-orange.fr,No
geaves1o@goodreads.com,No
smacmeeking1p@tinypic.com,No
bfeild1q@privacy.gov.au,No
iwooldridge1r@soundcloud.com,No
ktetley1s@cloudflare.com,No
rcoger1t@walmart.com,Yes
rroyston1u@timesonline.co.uk,No
tlopes1v@paypal.com,Yes
sbroadey1w@japanpost.jp,No
wsans1x@ustream.tv,No
jrunham1y@meetup.com,No
apettitt1z@youku.com,No
cmckeighan20@sciencedaily.com,Yes
dtheodore21@nationalgeographic.com,Yes
rhorley22@is.gd,No
gdodge23@meetup.com,Yes
cbaribal24@posterous.com,Yes
dgriggs25@sbwire.com,No
wmoxsom26@umn.edu,Yes
clinde27@blinklist.com,Yes
lsimeone28@tuttocitta.it,No
cposvner29@linkedin.com,Yes
hgheerhaert2a@marketwatch.com,Yes
lsenescall2b@upenn.edu,Yes
bgowler2c@smh.com.au,No
ttomkowicz2d@patch.com,Yes
rdanielian2e@forbes.com,No
jleacock2f@google.com,Yes
mmacmorland2g@bandcamp.com,Yes
dlebarr2h@salon.com,Yes
fdimitriev2i@bloglovin.com,Yes
pbriand2j@whitehouse.gov,Yes
rsexten2k@hugedomains.com,No
dgowenlock2l@washington.edu,Yes
nheckney2m@wufoo.com,No
ebrunstan2n@cnet.com,No
carmall2o@mit.edu,Yes
aiacomettii2p@dedecms.com,No
abrideaux2q@cdc.gov,Yes
clargan2r@reference.com,Yes
mwhyley2s@dyndns.org,No
lstarsmeare2t@blogger.com,No
cmalyon2u@symantec.com,No
bsmallacombe2v@gnu.org,Yes
thowles2w@mail.ru,Yes
sthomesson2x@icio.us,Yes
tmcconnell2y@baidu.com,Yes
smatisse2z@sogou.com,Yes
fllywarch30@cdc.gov,No
earkcoll31@fda.gov,No
pvearncomb32@sun.com,Yes
jgillyatt33@is.gd,Yes
frodman34@microsoft.com,Yes
dpeltzer35@independent.co.uk,Yes
isprull36@state.tx.us,No
zrealy37@pcworld.com,Yes
mirvine38@dropbox.com,No
smyrkus39@pagesperso-orange.fr,No
kbrimley3a@smh.com.au,Yes
gpetty3b@myspace.com,Yes
mniccolls3c@ucoz.ru,No
dgeer3d@vk.com,No
cantunes3e@ifeng.com,No
gsimonich3f@zimbio.com,Yes
dclere3g@domainmarket.com,No
ealthrop3h@ibm.com,Yes
gjacob3i@com.com,Yes
msodor3j@indiegogo.com,Yes
jvockins3k@gnu.org,Yes
mcomiam3l@prlog.org,Yes
mpatrickson3m@who.int,Yes
ctringham3n@hatena.ne.jp,Yes
wmerrilees3o@seattletimes.com,Yes
hzahor3p@ycombinator.com,Yes
gjuares3q@de.vu,Yes
elacase3r@usatoday.com,Yes
nregenhardt3s@dot.gov,Yes
rgarie3t@trellian.com,No
sfulop3u@arizona.edu,Yes
ilaydel3v@buzzfeed.com,No
oprujean3w@sourceforge.net,No
fhastilow3x@bloglines.com,Yes
ataggart3y@godaddy.com,Yes
achateau3z@sogou.com,No
nlotterington40@wix.com,No
mstuchbery41@live.com,No
siron42@wix.com,No
vpeople43@furl.net,No
gtonn44@discovery.com,No
jskepper45@ovh.net,Yes
jbassford46@so-net.ne.jp,Yes
rcullingworth47@printfriendly.com,No
mbrumbie48@squidoo.com,No
hfozzard49@uol.com.br,No
kthor4a@sfgate.com,Yes
carnao4b@howstuffworks.com,Yes
ebuckston4c@qq.com,Yes
csalzburg4d@sciencedaily.com,No
mpanichelli4e@npr.org,Yes
gbaumadier4f@ning.com,No
dflute4g@arizona.edu,No
rreuter4h@intel.com,No
fedwicker4i@home.pl,Yes
wgue4j@google.de,Yes
lkohler4k@hp.com,Yes
cpitbladdo4l@ehow.com,Yes
lmillsap4m@microsoft.com,Yes
nbidmead4n@va.gov,Yes
hguppy4o@linkedin.com,Yes
mbirney4p@studiopress.com,Yes
bcreighton4q@economist.com,Yes
gtomaselli4r@ucoz.ru,Yes
dstanyan4s@independent.co.uk,Yes
lyarnley4t@dyndns.org,Yes
cwhitebread4u@163.com,No
smaginn4v@godaddy.com,Yes
dbusch4w@pcworld.com,Yes
alucia4x@aboutads.info,Yes
cdeaconson4y@yellowbook.com,No
abroader4z@uiuc.edu,No
gdeamaya50@shinystat.com,No
rbeltzner51@xinhuanet.com,Yes
jbescoby52@nba.com,Yes
lmacdearmid53@examiner.com,Yes
emallion54@exblog.jp,Yes
hdillintone55@irs.gov,No
sneeves56@ibm.com,No
smclugaish57@illinois.edu,Yes
rcatcheside58@sina.com.cn,Yes
lcarrack59@imdb.com,No
jeden5a@samsung.com,No
awalburn5b@networkadvertising.org,Yes
pnicklen5c@t-online.de,No
mforsdicke5d@vimeo.com,Yes
csushams5e@elegantthemes.com,Yes
rjaxon5f@vkontakte.ru,No
fspaule5g@artisteer.com,Yes
dgainsburgh5h@oracle.com,No
hchastanet5i@oaic.gov.au,No
nmattholie5j@webeden.co.uk,Yes
ppovele5k@examiner.com,No
cshawcross5l@timesonline.co.uk,No
balforde5m@tamu.edu,No
lchappelow5n@slate.com,Yes
vmilbank5o@last.fm,Yes
gclayfield5p@histats.com,No
ssture5q@cam.ac.uk,Yes
cgreim5r@google.com,Yes
cpepper5s@europa.eu,Yes
oport5t@nyu.edu,Yes
whordle5u@4shared.com,Yes
kcurneen5v@photobucket.com,Yes
gseeley5w@loc.gov,No
descott5x@reddit.com,No
rsibbet5y@newsvine.com,Yes
dhedylstone5z@theglobeandmail.com,Yes
ehaverty60@biglobe.ne.jp,Yes
abeatens61@fc2.com,No
cviccary62@washington.edu,No
slarrosa63@artisteer.com,No
rcrich64@google.cn,No
gzavattari65@freewebs.com,Yes
hgoldenofireland66@google.co.uk,No
pruhben67@seesaa.net,Yes
olarive68@stanford.edu,No
bjarrell69@china.com.cn,No
mklimek6a@theatlantic.com,No
acritten6b@washingtonpost.com,No
rstory6c@trellian.com,Yes
divakhnov6d@pinterest.com,Yes
dsawden6e@bbc.co.uk,No
kcawsey6f@cbsnews.com,Yes
fmcgoogan6g@unc.edu,Yes
vlyston6h@ft.com,No
skohlert6i@flavors.me,Yes
sfippe6j@wsj.com,Yes
egaddie6k@amazon.com,No
gsaltman6l@fema.gov,Yes
hbownas6m@ucoz.ru,No
ccloss6n@hexun.com,No
lraikes6o@mozilla.com,No
weverex6p@dot.gov,Yes
bsakins6q@desdev.cn,Yes
dgarrity6r@hexun.com,Yes
ktwiggs6s@so-net.ne.jp,Yes
htaile6t@csmonitor.com,Yes
lcomar6u@nyu.edu,Yes
bbreslauer6v@wordpress.org,No
slanon6w@csmonitor.com,No
dhelix6x@amazon.de,Yes