email,contract_renewal_date
mlawther0@sciencedirect.com,2024-01-10
phutcheon1@telegraph.co.uk,2024-01-29
cpossell2@github.io,2023-12-24
gdirkin3@latimes.com,2024-01-29
zdaveren4@eventbrite.com,2024-01-04
gbaudinot5@nydailynews.com,2024-02-02
ehanbridge6@naver.com,2024-01-03
ctrevaskis7@photobucket.com,2024-01-20
parrighini8@51.la,2024-01-03
gvittle9@ed.gov,2023-12-20
rcraytona@eepurl.com,2024-01-09
eprucknerb@storify.com,2024-01-03
gpackerc@vk.com,2023-12-27
dnickelsd@scientificamerican.com,2024-01-15
mgransdene@jimdo.com,2024-01-03
gkettowf@addtoany.com,2024-01-26
cbausmanng@so-net.ne.jp,2024-02-02
ccasillish@reference.com,2023-12-31
aethridgei@cnet.com,2023-12-26
dgaitungj@vkontakte.ru,2024-01-19
mburgisik@paypal.com,2023-12-24
swhitlandl@about.me,2024-01-28
wjosselsonm@pagesperso-orange.fr,2024-02-01
ldanielsn@yellowbook.com,2023-12-20
sshurlocko@alexa.com,2023-12-27
lkilloughp@webnode.com,2024-01-23
wsangwinq@chronoengine.com,2023-12-30
rfranklandr@youtu.be,2024-01-28
umars@cam.ac.uk,2024-01-04
lstennett@bloglovin.com,2024-01-18
jolennikovu@artisteer.com,2024-01-30
jrossbrookev@omniture.com,2024-01-03
lwainscotw@yale.edu,2023-12-30
dgaddiex@ebay.com,2024-01-30
nklemkey@mozilla.org,2024-01-14
jroselliniz@mediafire.com,2024-01-02
blacelett10@studiopress.com,2023-12-28
amessent11@npr.org,2024-01-30
gavarne12@unblog.fr,2024-02-01
kruprecht13@narod.ru,2024-01-01
abloor14@gravatar.com,2024-01-19
blinton15@amazon.com,2024-01-26
nsindle16@twitter.com,2024-01-02
drolance17@elegantthemes.com,2023-12-30
scornner18@tmall.com,2024-01-20
ycorrado19@harvard.edu,2023-12-27
mviel1a@bing.com,2024-01-14
kmacascaidh1b@businessweek.com,2023-12-20
sdrohun1c@lycos.com,2024-01-01
eburdfield1d@de.vu,2024-01-11
dkisting1e@tmall.com,2023-12-22
astelfax1f@parallels.com,2023-12-26
frolinson1g@lulu.com,2024-01-14
hsharrem1h@1und1.de,2024-01-22
gzorzoni1i@stanford.edu,2023-12-31
csalvage1j@globo.com,2024-01-24
alearned1k@webeden.co.uk,2023-12-22
callanson1l@tumblr.com,2024-01-12
jditter1m@microsoft.com,2023-12-25
dperillo1n@pagesperso-orange.fr,2024-01-03
geaves1o@goodreads.com,2024-01-12
smacmeeking1p@tinypic.com,2024-01-23
bfeild1q@privacy.gov.au,2024-01-27
iwooldridge1r@soundcloud.com,2024-01-10
ktetley1s@cloudflare.com,2023-12-28
rcoger1t@walmart.com,2024-01-27
rroyston1u@timesonline.co.uk,2024-01-08
tlopes1v@paypal.com,2024-01-11
sbroadey1w@japanpost.jp,2024-01-10
wsans1x@ustream.tv,2023-12-20
jrunham1y@meetup.com,2024-01-09
apettitt1z@youku.com,2024-01-25
cmckeighan20@sciencedaily.com,2024-01-07
dtheodore21@nationalgeographic.com,2024-01-02
rhorley22@is.gd,2023-12-29
gdodge23@meetup.com,2023-12-22
cbaribal24@posterous.com,2024-01-09
dgriggs25@sbwire.com,2024-01-06
wmoxsom26@umn.edu,2024-01-06
clinde27@blinklist.com,2024-01-04
lsimeone28@tuttocitta.it,2023-12-25
cposvner29@linkedin.com,2024-01-05
hgheerhaert2a@marketwatch.com,2024-01-02
lsenescall2b@upenn.edu,2024-01-24
bgowler2c@smh.com.au,2023-12-20
ttomkowicz2d@patch.com,2024-02-03
rdanielian2e@forbes.com,2023-12-21
jleacock2f@google.com,2024-01-18
mmacmorland2g@bandcamp.com,2024-01-21
dlebarr2h@salon.com,2024-01-29
fdimitriev2i@bloglovin.com,2024-01-27
pbriand2j@whitehouse.gov,2024-01-13
rsexten2k@hugedomains.com,2024-01-10
dgowenlock2l@washington.edu,2024-01-01
nheckney2m@wufoo.com,2024-01-05
ebrunstan2n@cnet.com,2023-12-22
carmall2o@mit.edu,2023-12-21
aiacomettii2p@dedecms.com,2024-01-11
abrideaux2q@cdc.gov,2024-01-13
clargan2r@reference.com,2024-01-11
mwhyley2s@dyndns.org,2024-01-04
lstarsmeare2t@blogger.com,2024-01-07
cmalyon2u@symantec.com,2024-01-27
bsmallacombe2v@gnu.org,2024-01-28
thowles2w@mail.ru,2023-12-21
sthomesson2x@icio.us,2024-01-25
tmcconnell2y@baidu.com,2024-01-30
smatisse2z@sogou.com,2023-12-27
fllywarch30@cdc.gov,2024-01-26
earkcoll31@fda.gov,2024-01-28
pvearncomb32@sun.com,2024-01-19
jgillyatt33@is.gd,2023-12-23
frodman34@microsoft.com,2024-02-02
dpeltzer35@independent.co.uk,2024-02-03
isprull36@state.tx.us,2023-12-23
zrealy37@pcworld.com,2024-01-29
mirvine38@dropbox.com,2024-02-03
smyrkus39@pagesperso-orange.fr,2023-12-22
kbrimley3a@smh.com.au,2024-01-18
gpetty3b@myspace.com,2024-02-03
mniccolls3c@ucoz.ru,2024-01-13
dgeer3d@vk.com,2024-02-02
cantunes3e@ifeng.com,2023-12-29
gsimonich3f@zimbio.com,2024-01-25
dclere3g@domainmarket.com,2024-01-01
ealthrop3h@ibm.com,2024-01-06
gjacob3i@com.com,2024-01-02
msodor3j@indiegogo.com,2024-02-02
jvockins3k@gnu.org,2023-12-29
mcomiam3l@prlog.org,2024-01-10
mpatrickson3m@who.int,2024-01-06
ctringham3n@hatena.ne.jp,2024-01-03
wmerrilees3o@seattletimes.com,2024-01-12
hzahor3p@ycombinator.com,2023-12-21
gjuares3q@de.vu,2024-01-27
elacase3r@usatoday.com,2024-01-15
nregenhardt3s@dot.gov,2024-01-07
rgarie3t@trellian.com,2024-01-21
sfulop3u@arizona.edu,2024-01-22
ilaydel3v@buzzfeed.com,2024-01-24
oprujean3w@sourceforge.net,2023-12-24
fhastilow3x@bloglines.com,2024-01-10
ataggart3y@godaddy.com,2023-12-29
achateau3z@sogou.com,2024-01-27
nlotterington40@wix.com,2024-02-01
mstuchbery41@live.com,2024-01-11
siron42@wix.com,2023-12-24
vpeople43@furl.net,2024-01-15
gtonn44@discovery.com,2024-01-13
jskepper45@ovh.net,2024-01-04
jbassford46@so-net.ne.jp,2023-12-26
rcullingworth47@printfriendly.com,2024-01-28
mbrumbie48@squidoo.com,2024-01-21
hfozzard49@uol.com.br,2024-01-21
kthor4a@sfgate.com,2024-01-05
carnao4b@howstuffworks.com,2023-12-30
ebuckston4c@qq.com,2024-01-04
csalzburg4d@sciencedaily.com,2024-01-07
mpanichelli4e@npr.org,2024-01-02
gbaumadier4f@ning.com,2024-01-24
dflute4g@arizona.edu,2024-01-23
rreuter4h@intel.com,2024-02-02
fedwicker4i@home.pl,2024-01-11
wgue4j@google.de,2024-01-27
lkohler4k@hp.com,2024-02-01
cpitbladdo4l@ehow.com,2024-01-07
lmillsap4m@microsoft.com,2024-01-15
nbidmead4n@va.gov,2024-01-05
hguppy4o@linkedin.com,2024-01-05
mbirney4p@studiopress.com,2024-01-08
bcreighton4q@economist.com,2024-01-19
gtomaselli4r@ucoz.ru,2023-12-28
dstanyan4s@independent.co.uk,2023-12-21
lyarnley4t@dyndns.org,2024-01-07
cwhitebread4u@163.com,2023-12-27
smaginn4v@godaddy.com,2024-01-15
dbusch4w@pcworld.com,2024-01-11
alucia4x@aboutads.info,2024-01-01
cdeaconson4y@yellowbook.com,2023-12-30
abroader4z@uiuc.edu,2024-01-08
gdeamaya50@shinystat.com,2024-01-14
rbeltzner51@xinhuanet.com,2024-01-22
jbescoby52@nba.com,2024-01-06
lmacdearmid53@examiner.com,2024-01-07
emallion54@exblog.jp,2024-01-15
hdillintone55@irs.gov,2024-01-10
sneeves56@ibm.com,2023-12-28
smclugaish57@illinois.edu,2024-01-25
rcatcheside58@sina.com.cn,2024-01-12
lcarrack59@imdb.com,2024-01-11
jeden5a@samsung.com,2024-01-24
awalburn5b@networkadvertising.org,2024-01-07
pnicklen5c@t-online.de,2024-01-03
mforsdicke5d@vimeo.com,2024-01-12
csushams5e@elegantthemes.com,2024-01-20
rjaxon5f@vkontakte.ru,2023-12-31
fspaule5g@artisteer.com,2024-01-31
dgainsburgh5h@oracle.com,2024-01-17
hchastanet5i@oaic.gov.au,2024-01-02
nmattholie5j@webeden.co.uk,2024-01-21
ppovele5k@examiner.com,2024-01-26
cshawcross5l@timesonline.co.uk,2024-01-10
balforde5m@tamu.edu,2024-01-14
lchappelow5n@slate.com,2024-01-12
vmilbank5o@last.fm,2024-01-21
gclayfield5p@histats.com,2024-01-12
ssture5q@cam.ac.uk,2024-01-25
cgreim5r@google.com,2024-01-28
cpepper5s@europa.eu,2024-01-30
oport5t@nyu.edu,2024-01-13
whordle5u@4shared.com,2024-01-20
kcurneen5v@photobucket.com,2024-01-02
gseeley5w@loc.gov,2024-01-12
descott5x@reddit.com,2023-12-24
rsibbet5y@newsvine.com,2024-01-15
dhedylstone5z@theglobeandmail.com,2024-01-07
ehaverty60@biglobe.ne.jp,2023-12-23
abeatens61@fc2.com,2024-01-26
cviccary62@washington.edu,2024-01-02
slarrosa63@artisteer.com,2024-01-10
rcrich64@google.cn,2024-01-15
gzavattari65@freewebs.com,2024-01-18
hgoldenofireland66@google.co.uk,2023-12-27
pruhben67@seesaa.net,2024-02-02
olarive68@stanford.edu,2024-01-20
bjarrell69@china.com.cn,2023-12-25
mklimek6a@theatlantic.com,2024-01-28
acritten6b@washingtonpost.com,2024-01-11
rstory6c@trellian.com,2023-12-31
divakhnov6d@pinterest.com,2024-01-19
dsawden6e@bbc.co.uk,2024-01-13
kcawsey6f@cbsnews.com,2024-01-15
fmcgoogan6g@unc.edu,2024-01-22
vlyston6h@ft.com,2024-02-01
skohlert6i@flavors.me,2024-01-12
sfippe6j@wsj.com,2024-01-13
egaddie6k@amazon.com,2024-01-14
gsaltman6l@fema.gov,2024-02-02
hbownas6m@ucoz.ru,2023-12-27
ccloss6n@hexun.com,2024-01-09
lraikes6o@mozilla.com,2024-01-11
weverex6p@dot.gov,2024-01-30
bsakins6q@desdev.cn,2024-01-01
dgarrity6r@hexun.com,2024-01-21
ktwiggs6s@so-net.ne.jp,2023-12-29
htaile6t@csmonitor.com,2024-01-05
lcomar6u@nyu.edu,2024-01-30
bbreslauer6v@wordpress.org,2023-12-25
slanon6w@csmonitor.com,2024-01-15
dhelix6x@amazon.de,2024-01-12