email,account_launch_date
mlawther0@sciencedirect.com,09/02/2024
phutcheon1@telegraph.co.uk,25/12/2023
cpossell2@github.io,01/01/2024
gdirkin3@latimes.com,28/12/2023
zdaveren4@eventbrite.com,18/01/2024
gbaudinot5@nydailynews.com,20/12/2023
ehanbridge6@naver.com,15/01/2024
ctrevaskis7@photobucket.com,05/01/2024
parrighini8@51.la,13/02/2024
gvittle9@ed.gov,31/12/2023
rcraytona@eepurl.com,15/02/2024
eprucknerb@storify.com,13/01/2024
gpackerc@vk.com,06/01/2024
dnickelsd@scientificamerican.com,05/01/2024
mgransdene@jimdo.com,26/01/2024
gkettowf@addtoany.com,19/12/2023
cbausmanng@so-net.ne.jp,12/01/2024
ccasillish@reference.com,12/01/2024
aethridgei@cnet.com,09/02/2024
dgaitungj@vkontakte.ru,04/02/2024
mburgisik@paypal.com,22/01/2024
swhitlandl@about.me,22/01/2024
wjosselsonm@pagesperso-orange.fr,24/12/2023
ldanielsn@yellowbook.com,15/01/2024
sshurlocko@alexa.com,06/01/2024
lkilloughp@webnode.com,01/01/2024
wsangwinq@chronoengine.com,26/01/2024
rfranklandr@youtu.be,08/02/2024
umars@cam.ac.uk,06/02/2024
lstennett@bloglovin.com,31/12/2023
jolennikovu@artisteer.com,05/01/2024
jrossbrookev@omniture.com,14/01/2024
lwainscotw@yale.edu,14/01/2024
dgaddiex@ebay.com,31/01/2024
nklemkey@mozilla.org,12/02/2024
jroselliniz@mediafire.com,28/12/2023
blacelett10@studiopress.com,29/01/2024
amessent11@npr.org,03/02/2024
gavarne12@unblog.fr,25/12/2023
kruprecht13@narod.ru,13/02/2024
abloor14@gravatar.com,15/02/2024
blinton15@amazon.com,30/01/2024
nsindle16@twitter.com,21/01/2024
drolance17@elegantthemes.com,29/12/2023
scornner18@tmall.com,31/01/2024
ycorrado19@harvard.edu,21/12/2023
mviel1a@bing.com,30/01/2024
kmacascaidh1b@businessweek.com,20/12/2023
sdrohun1c@lycos.com,07/01/2024
eburdfield1d@de.vu,18/12/2023
dkisting1e@tmall.com,22/12/2023
astelfax1f@parallels.com,02/01/2024
frolinson1g@lulu.com,03/01/2024
hsharrem1h@1und1.de,10/01/2024
gzorzoni1i@stanford.edu,21/12/2023
csalvage1j@globo.com,17/01/2024
alearned1k@webeden.co.uk,30/12/2023
callanson1l@tumblr.com,29/12/2023
jditter1m@microsoft.com,13/02/2024
dperillo1n@pagesperso-orange.fr,27/01/2024
geaves1o@goodreads.com,23/01/2024
smacmeeking1p@tinypic.com,10/01/2024
bfeild1q@privacy.gov.au,14/02/2024
iwooldridge1r@soundcloud.com,21/12/2023
ktetley1s@cloudflare.com,04/01/2024
rcoger1t@walmart.com,22/01/2024
rroyston1u@timesonline.co.uk,12/02/2024
tlopes1v@paypal.com,29/01/2024
sbroadey1w@japanpost.jp,22/01/2024
wsans1x@ustream.tv,20/01/2024
jrunham1y@meetup.com,04/02/2024
apettitt1z@youku.com,03/01/2024
cmckeighan20@sciencedaily.com,29/01/2024
dtheodore21@nationalgeographic.com,23/01/2024
rhorley22@is.gd,17/01/2024
gdodge23@meetup.com,21/12/2023
cbaribal24@posterous.com,31/01/2024
dgriggs25@sbwire.com,25/01/2024
wmoxsom26@umn.edu,08/01/2024
clinde27@blinklist.com,18/12/2023
lsimeone28@tuttocitta.it,28/01/2024
cposvner29@linkedin.com,04/02/2024
hgheerhaert2a@marketwatch.com,16/01/2024
lsenescall2b@upenn.edu,15/01/2024
bgowler2c@smh.com.au,02/01/2024
ttomkowicz2d@patch.com,30/12/2023
rdanielian2e@forbes.com,30/01/2024
jleacock2f@google.com,28/01/2024
mmacmorland2g@bandcamp.com,17/01/2024
dlebarr2h@salon.com,13/02/2024
fdimitriev2i@bloglovin.com,13/02/2024
pbriand2j@whitehouse.gov,15/02/2024
rsexten2k@hugedomains.com,22/01/2024
dgowenlock2l@washington.edu,05/01/2024
nheckney2m@wufoo.com,04/02/2024
ebrunstan2n@cnet.com,11/02/2024
carmall2o@mit.edu,28/12/2023
aiacomettii2p@dedecms.com,07/01/2024
abrideaux2q@cdc.gov,06/01/2024
clargan2r@reference.com,11/01/2024
mwhyley2s@dyndns.org,07/01/2024
lstarsmeare2t@blogger.com,02/02/2024
cmalyon2u@symantec.com,25/12/2023
bsmallacombe2v@gnu.org,18/12/2023
thowles2w@mail.ru,17/12/2023
sthomesson2x@icio.us,07/02/2024
tmcconnell2y@baidu.com,06/01/2024
smatisse2z@sogou.com,29/12/2023
fllywarch30@cdc.gov,15/02/2024
earkcoll31@fda.gov,01/02/2024
pvearncomb32@sun.com,10/02/2024
jgillyatt33@is.gd,30/01/2024
frodman34@microsoft.com,01/01/2024
dpeltzer35@independent.co.uk,25/01/2024
isprull36@state.tx.us,03/02/2024
zrealy37@pcworld.com,23/12/2023
mirvine38@dropbox.com,01/01/2024
smyrkus39@pagesperso-orange.fr,25/01/2024
kbrimley3a@smh.com.au,15/01/2024
gpetty3b@myspace.com,17/12/2023
mniccolls3c@ucoz.ru,20/01/2024
dgeer3d@vk.com,14/01/2024
cantunes3e@ifeng.com,08/02/2024
gsimonich3f@zimbio.com,09/02/2024
dclere3g@domainmarket.com,16/01/2024
ealthrop3h@ibm.com,21/12/2023
gjacob3i@com.com,11/02/2024
msodor3j@indiegogo.com,01/02/2024
jvockins3k@gnu.org,21/01/2024
mcomiam3l@prlog.org,13/02/2024
mpatrickson3m@who.int,18/12/2023
ctringham3n@hatena.ne.jp,10/02/2024
wmerrilees3o@seattletimes.com,01/01/2024
hzahor3p@ycombinator.com,19/12/2023
gjuares3q@de.vu,09/02/2024
elacase3r@usatoday.com,13/02/2024
nregenhardt3s@dot.gov,02/01/2024
rgarie3t@trellian.com,09/01/2024
sfulop3u@arizona.edu,31/01/2024
ilaydel3v@buzzfeed.com,14/02/2024
oprujean3w@sourceforge.net,26/01/2024
fhastilow3x@bloglines.com,04/01/2024
ataggart3y@godaddy.com,16/01/2024
achateau3z@sogou.com,30/12/2023
nlotterington40@wix.com,29/01/2024
mstuchbery41@live.com,26/01/2024
siron42@wix.com,23/12/2023
vpeople43@furl.net,03/01/2024
gtonn44@discovery.com,11/02/2024
jskepper45@ovh.net,10/01/2024
jbassford46@so-net.ne.jp,17/01/2024
rcullingworth47@printfriendly.com,26/12/2023
mbrumbie48@squidoo.com,04/01/2024
hfozzard49@uol.com.br,05/02/2024
kthor4a@sfgate.com,02/01/2024
carnao4b@howstuffworks.com,22/12/2023
ebuckston4c@qq.com,08/01/2024
csalzburg4d@sciencedaily.com,11/02/2024
mpanichelli4e@npr.org,03/01/2024
gbaumadier4f@ning.com,10/02/2024
dflute4g@arizona.edu,01/02/2024
rreuter4h@intel.com,19/12/2023
fedwicker4i@home.pl,08/02/2024
wgue4j@google.de,29/12/2023
lkohler4k@hp.com,29/12/2023
cpitbladdo4l@ehow.com,02/01/2024
lmillsap4m@microsoft.com,26/12/2023
nbidmead4n@va.gov,22/01/2024
hguppy4o@linkedin.com,09/01/2024
mbirney4p@studiopress.com,04/02/2024
bcreighton4q@economist.com,09/02/2024
gtomaselli4r@ucoz.ru,12/02/2024
dstanyan4s@independent.co.uk,15/02/2024
lyarnley4t@dyndns.org,23/01/2024
cwhitebread4u@163.com,27/12/2023
smaginn4v@godaddy.com,02/02/2024
dbusch4w@pcworld.com,06/01/2024
alucia4x@aboutads.info,05/01/2024
cdeaconson4y@yellowbook.com,13/02/2024
abroader4z@uiuc.edu,07/02/2024
gdeamaya50@shinystat.com,29/12/2023
rbeltzner51@xinhuanet.com,09/02/2024
jbescoby52@nba.com,25/01/2024
lmacdearmid53@examiner.com,13/02/2024
emallion54@exblog.jp,11/02/2024
hdillintone55@irs.gov,25/01/2024
sneeves56@ibm.com,08/02/2024
smclugaish57@illinois.edu,31/12/2023
rcatcheside58@sina.com.cn,30/01/2024
lcarrack59@imdb.com,30/12/2023
jeden5a@samsung.com,16/01/2024
awalburn5b@networkadvertising.org,09/02/2024
pnicklen5c@t-online.de,07/01/2024
mforsdicke5d@vimeo.com,10/01/2024
csushams5e@elegantthemes.com,09/01/2024
rjaxon5f@vkontakte.ru,18/01/2024
fspaule5g@artisteer.com,31/01/2024
dgainsburgh5h@oracle.com,11/02/2024
hchastanet5i@oaic.gov.au,28/01/2024
nmattholie5j@webeden.co.uk,25/12/2023
ppovele5k@examiner.com,24/12/2023
cshawcross5l@timesonline.co.uk,07/01/2024
balforde5m@tamu.edu,22/01/2024
lchappelow5n@slate.com,09/02/2024
vmilbank5o@last.fm,03/02/2024
gclayfield5p@histats.com,21/12/2023
ssture5q@cam.ac.uk,18/12/2023
cgreim5r@google.com,26/12/2023
cpepper5s@europa.eu,30/12/2023
oport5t@nyu.edu,20/01/2024
whordle5u@4shared.com,15/01/2024
kcurneen5v@photobucket.com,30/01/2024
gseeley5w@loc.gov,30/01/2024
descott5x@reddit.com,28/12/2023
rsibbet5y@newsvine.com,05/01/2024
dhedylstone5z@theglobeandmail.com,05/02/2024
ehaverty60@biglobe.ne.jp,06/02/2024
abeatens61@fc2.com,16/01/2024
cviccary62@washington.edu,17/01/2024
slarrosa63@artisteer.com,06/02/2024
rcrich64@google.cn,31/01/2024
gzavattari65@freewebs.com,19/01/2024
hgoldenofireland66@google.co.uk,23/01/2024
pruhben67@seesaa.net,07/01/2024
olarive68@stanford.edu,13/02/2024
bjarrell69@china.com.cn,14/02/2024
mklimek6a@theatlantic.com,08/01/2024
acritten6b@washingtonpost.com,11/01/2024
rstory6c@trellian.com,20/12/2023
divakhnov6d@pinterest.com,12/01/2024
dsawden6e@bbc.co.uk,31/01/2024
kcawsey6f@cbsnews.com,29/01/2024
fmcgoogan6g@unc.edu,17/01/2024
vlyston6h@ft.com,10/02/2024
skohlert6i@flavors.me,14/02/2024
sfippe6j@wsj.com,30/12/2023
egaddie6k@amazon.com,19/01/2024
gsaltman6l@fema.gov,09/02/2024
hbownas6m@ucoz.ru,04/02/2024
ccloss6n@hexun.com,25/12/2023
lraikes6o@mozilla.com,18/01/2024
weverex6p@dot.gov,03/01/2024
bsakins6q@desdev.cn,29/01/2024
dgarrity6r@hexun.com,21/01/2024
ktwiggs6s@so-net.ne.jp,21/01/2024
htaile6t@csmonitor.com,21/12/2023
lcomar6u@nyu.edu,18/12/2023
bbreslauer6v@wordpress.org,27/01/2024
slanon6w@csmonitor.com,28/01/2024
dhelix6x@amazon.de,31/01/2024