email,first_name,last_name,country
rranahan0@ox.ac.uk,Randall,Ranahan,United States
jstango1@geocities.jp,Jeanna,Stango,Canada
oredmile2@intel.com,Ophelia,Redmile,Canada
mraper3@economist.com,Meredithe,Raper,United States
jbowen4@noaa.gov,Jemie,Bowen,United States
jnewlyn5@baidu.com,Jephthah,Newlyn,United States
acaddens6@indiatimes.com,Arnie,Caddens,Canada
mrowaszkiewicz7@omniture.com,Marjy,Rowaszkiewicz,United States
ggeaves8@salon.com,Grant,Geaves,United States
mkean9@1und1.de,Merwin,Kean,United States
apietza@nifty.com,Arvin,Pietz,United States
ncatterillb@mac.com,Nonie,Catterill,United States
kdiantonioc@storify.com,Kial,Di Antonio,United States
sclued@youtu.be,Shannen,Clue,United States
ijackaline@last.fm,Ignacius,Jackalin,Canada
bmckeveneyf@wsj.com,Biron,McKeveney,United States
ehandrikg@t-online.de,Eustace,Handrik,United States
njoderlih@hhs.gov,Norry,Joderli,United States
isirketti@blogger.com,Ilyse,Sirkett,United States
rlilbournej@dion.ne.jp,Rozele,Lilbourne,United States
jselcraigk@statcounter.com,Jule,Selcraig,United States
cgoodliffel@adobe.com,Chloe,Goodliffe,United States
ntortoishellm@slideshare.net,Niki,Tortoishell,United States
bskiplornen@eventbrite.com,Betteanne,Skiplorne,United States
cdickersono@zdnet.com,Cal,Dickerson,Canada
aarnholdtp@washingtonpost.com,Anthea,Arnholdt,United States
wbredeeq@about.com,Whitney,Bredee,Canada
bklemenzr@desdev.cn,Bondon,Klemenz,United States
swinterss@narod.ru,Salvador,Winters,United States
mcharrissont@imdb.com,Mable,Charrisson,Canada
bloudonu@nbcnews.com,Bat,Loudon,United States
lfollingv@army.mil,Linoel,Folling,United States
dstreatleyw@mit.edu,Damon,Streatley,United States
cscadingx@mayoclinic.com,Constance,Scading,United States
pstuckesy@tamu.edu,Parsifal,Stuckes,United States
ssiseyz@illinois.edu,Sibby,Sisey,United States
caupol10@hibu.com,Corrianne,Aupol,United States
cavison11@usgs.gov,Clea,Avison,United States
oindruch12@e-recht24.de,Oona,Indruch,United States
toke13@fastcompany.com,Tobe,Oke,United States
mingliby14@amazonaws.com,Marnia,Ingliby,United States
wbeller15@gmpg.org,Willem,Beller,United States
hcable16@shinystat.com,Hercule,Cable,United States
sgowrich17@intel.com,Salem,Gowrich,Canada
alawly18@indiatimes.com,Abel,Lawly,Canada
dmatejka19@psu.edu,Dorette,Matejka,United States
gfuentes1a@forbes.com,Glori,Fuentes,United States
bperes1b@bbc.co.uk,Berti,Peres,United States
itirone1c@360.cn,Ibrahim,Tirone,United States
abouts1d@odnoklassniki.ru,Aldwin,Bouts,Canada
jbreakey1e@phpbb.com,Jarret,Breakey,United States
gsate1f@google.fr,Garald,Sate,United States
csellers1g@amazon.com,Charyl,Sellers,United Kingdom
cscholar1h@google.com.hk,Clerc,Scholar,United States
gbensusan1i@indiatimes.com,Gerrilee,Bensusan,United States
mslinn1j@google.de,Melantha,Slinn,United States
jsimonassi1k@senate.gov,Jenni,Simonassi,United Kingdom
sstubley1l@techcrunch.com,Scarlet,Stubley,United States
dpoleykett1m@cam.ac.uk,Danell,Poleykett,United States
klines1n@netvibes.com,Kyla,Lines,Canada
cattoe1o@netlog.com,Crichton,Attoe,United States
hpeltz1p@quantcast.com,Halette,Peltz,United States
amccurry1q@salon.com,Avrit,McCurry,United States
fscholey1r@homestead.com,Felipe,Scholey,United States
rvanderwalt1s@indiatimes.com,Rakel,Van Der Walt,Canada
amcpeck1t@csmonitor.com,Allys,McPeck,Canada
aashfold1u@indiegogo.com,Aarika,Ashfold,United States
rsidsaff1v@mtv.com,Ross,Sidsaff,United States
abartoszinski1w@ebay.co.uk,Ammamaria,Bartoszinski,Canada
ftullett1x@xinhuanet.com,Fran,Tullett,Canada
nhabbes1y@jigsy.com,Nicoli,Habbes,United States
ghusthwaite1z@woothemes.com,Gipsy,Husthwaite,United States
dpuddicombe20@skyrock.com,Dalis,Puddicombe,Canada
lruprich21@google.it,Logan,Ruprich,United States
pravens22@dailymail.co.uk,Padriac,Ravens,United States
zharme23@sciencedaily.com,Zebadiah,Harme,United States
nrosnau24@flavors.me,Norman,Rosnau,United States
myarham25@patch.com,Margareta,Yarham,United States
yturfs26@biblegateway.com,Yancy,Turfs,United States
ebrando27@goodreads.com,Elissa,Brando,Canada
mdimock28@nhs.uk,Mary,Dimock,Canada
avanarsdale29@intel.com,Angie,Van Arsdale,United States
hpetworth2a@census.gov,Henry,Petworth,United States
fberrington2b@amazon.co.jp,Franklyn,Berrington,United States
rwikey2c@i2i.jp,Roderich,Wikey,United States
rmacmanus2d@pen.io,Rodie,MacManus,United States
mbrookton2e@quantcast.com,Morgen,Brookton,United Kingdom
cubsdell2f@tumblr.com,Crystie,Ubsdell,United States
tknowles2g@cloudflare.com,Thayne,Knowles,United States
agaliford2h@free.fr,Arch,Galiford,Canada
mmcmyler2i@mozilla.com,Marcel,McMyler,United States
agrouse2j@msu.edu,Alejandra,Grouse,Canada
dmarklow2k@baidu.com,Daffi,Marklow,United States
enairne2l@omniture.com,Edmon,Nairne,Canada
mmaccolgan2m@va.gov,Moss,MacColgan,United States
lcornforth2n@bloomberg.com,Laraine,Cornforth,United States
drodell2o@bing.com,De witt,Rodell,Canada
cgraeme2p@google.com.au,Consuela,Graeme,Canada
rdekeep2q@weibo.com,Ros,de Keep,United States
ecroxon2r@nhs.uk,Emeline,Croxon,Canada
iriseley2s@dmoz.org,Ingaberg,Riseley,United States
tswyn2t@unc.edu,Tressa,Swyn,United States
akyne2u@state.tx.us,Albie,Kyne,Canada
eswalowe2v@vinaora.com,Ely,Swalowe,Canada
faylen2w@youku.com,Freeland,Aylen,Canada
hitzhaki2x@paginegialle.it,Hortense,Itzhaki,United States
ncollete2y@sciencedirect.com,Norton,Collete,United Kingdom
jmcchruiter2z@unblog.fr,Jelene,McChruiter,United States
moneil30@icio.us,Muffin,O'Neil,Canada
cfolbig31@icq.com,Christabella,Folbig,United States
aduffell32@angelfire.com,Ara,Duffell,United States
lstegel33@abc.net.au,Letizia,Stegel,United States
ltambling34@springer.com,Libbey,Tambling,United States
ccostan35@arstechnica.com,Conroy,Costan,United Kingdom
ncosta36@newyorker.com,Ninnetta,Costa,Canada
adabling37@w3.org,Aristotle,Dabling,United States
vpharrow38@altervista.org,Vince,Pharrow,United States
bgitsham39@github.io,Bartholomeus,Gitsham,United States
nsimonaitis3a@engadget.com,Nate,Simonaitis,United States
bnaughton3b@desdev.cn,Britt,Naughton,United States
mrauprich3c@instagram.com,Menard,Rauprich,United States
jmarkwelley3d@cpanel.net,Jarrid,Markwelley,Canada
dtilson3e@shutterfly.com,De,Tilson,United States
zlees3f@spotify.com,Zak,Lees,United States
dgee3g@wisc.edu,Danna,Gee,Canada
rdillow3h@nps.gov,Ray,Dillow,Canada
rife3i@free.fr,Ric,Ife,Canada
gtremethack3j@gnu.org,Greggory,Tremethack,United States
hbridie3k@discuz.net,Hector,Bridie,United States
zsimpkiss3l@fastcompany.com,Zarah,Simpkiss,United States
heggar3m@tiny.cc,Harman,Eggar,United States
jdruitt3n@bizjournals.com,Joshuah,Druitt,Canada
mwalcot3o@mapy.cz,Merell,Walcot,United States
pclemenson3p@ning.com,Pris,Clemenson,United States
escorey3q@umich.edu,Eba,Scorey,United States
dsaffin3r@dagondesign.com,Dar,Saffin,Canada
jkatte3s@wp.com,Jonathon,Katte,United States
jlygoe3t@studiopress.com,Jarrod,Lygoe,United States
amidner3u@sun.com,Anstice,Midner,Canada
kwymer3v@weather.com,Kaylyn,Wymer,United States
dhaycroft3w@ameblo.jp,Dian,Haycroft,Canada
icarruth3x@ox.ac.uk,Ingaberg,Carruth,United States
rgarshore3y@is.gd,Rosy,Garshore,Canada
rbeardsworth3z@bandcamp.com,Roddy,Beardsworth,United States
eleggis40@indiatimes.com,Eadith,Leggis,Canada
larlott41@rediff.com,Lizette,Arlott,United States
kleidl42@gov.uk,Kaylil,Leidl,Canada
lgammel43@goodreads.com,Lavinia,Gammel,United States
sbrader44@dmoz.org,Silvie,Brader,United States
jskeldon45@apple.com,Juana,Skeldon,United Kingdom
kmaharry46@engadget.com,Katlin,Maharry,Canada
sladel47@prweb.com,Sayers,Ladel,Canada
gseiler48@blogtalkradio.com,Giraldo,Seiler,Canada
acrunkhurn49@huffingtonpost.com,Annmarie,Crunkhurn,United States
sthurman4a@oaic.gov.au,Selby,Thurman,United States
jnightingale4b@vistaprint.com,Jamison,Nightingale,United States
amugg4c@opera.com,Aurlie,Mugg,Canada
vgyer4d@dailymail.co.uk,Valera,Gyer,Canada
icochran4e@istockphoto.com,Isidoro,Cochran,United States
esay4f@networkadvertising.org,Emlyn,Say,United States
apikesley4g@qq.com,Ase,Pikesley,United Kingdom
gdicker4h@sakura.ne.jp,Geri,Dicker,United States
kcushion4i@bloglines.com,Krystyna,Cushion,United States
lmacallan4j@cargocollective.com,Lorant,MacAllan,Canada
cbeel4k@technorati.com,Chandal,Beel,United States
wcaddy4l@senate.gov,Waneta,Caddy,Canada
sbrittle4m@nps.gov,Sophey,Brittle,United States
awestmoreland4n@ebay.com,Alisander,Westmoreland,United States
jfilyukov4o@wisc.edu,Josey,Filyukov,United States
mproschke4p@nhs.uk,Mercedes,Proschke,Canada
gprenty4q@illinois.edu,Gwyn,Prenty,United States
areidie4r@cnn.com,Aloysius,Reidie,United States
cgrattage4s@youtube.com,Clayborn,Grattage,United States
mclemencet4t@wunderground.com,Miner,Clemencet,United Kingdom
pgallafant4u@webnode.com,Paulita,Gallafant,United States
kciccoloi4v@github.io,Katey,Ciccoloi,Canada
mmettetal4w@edublogs.org,Matthew,Mettetal,United States
smainds4x@github.com,Selie,Mainds,Canada
kmichal4y@weather.com,Kippy,Michal,United States
jhryniewicki4z@mediafire.com,Joel,Hryniewicki,United Kingdom
cknutton50@topsy.com,Celka,Knutton,Canada
cmenault51@youku.com,Corissa,Menault,Canada
elidgely52@github.com,Emilie,Lidgely,United States
bhammerich53@i2i.jp,Baillie,Hammerich,United States
pspenton54@uol.com.br,Pansie,Spenton,United States
ggoldes55@irs.gov,Gardner,Goldes,Canada
ghartington56@360.cn,Gibby,Hartington,United States
lawcoate57@odnoklassniki.ru,Lauren,Awcoate,United States
echafer58@weebly.com,Elfrieda,Chafer,United States
epembery59@dot.gov,Emlen,Pembery,United States
arenfrew5a@yolasite.com,Augustine,Renfrew,United States
jgallehock5b@acquirethisname.com,Joellen,Gallehock,Canada
lribbens5c@over-blog.com,Lenci,Ribbens,Canada
bstarbeck5d@europa.eu,Bendick,Starbeck,Canada
nprince5e@youtu.be,Noble,Prince,United States
nscurr5f@omniture.com,Nerissa,Scurr,United States
wmacadie5g@flavors.me,Washington,MacAdie,United States
jpate5h@ezinearticles.com,Jacquelyn,Pate,United States
aburstow5i@theatlantic.com,Allie,Burstow,United Kingdom
ledis5j@ted.com,Loretta,Edis,United States
khearle5k@plala.or.jp,Kinna,Hearle,United States
jmcrannell5l@springer.com,Jobey,McRannell,United States
amielnik5m@hatena.ne.jp,Angeline,Mielnik,United Kingdom
cmcduffie5n@vinaora.com,Charity,McDuffie,United States
kgraundisson5o@quantcast.com,Kennett,Graundisson,United States
jbeevens5p@amazon.com,Juliann,Beevens,United States
gkilcullen5q@cdbaby.com,Glenn,Kilcullen,United Kingdom
jrudgard5r@nsw.gov.au,Jamesy,Rudgard,Canada
rsellars5s@chicagotribune.com,Renado,Sellars,United States
jvittet5t@posterous.com,Justinian,Vittet,United States
wwoollaston5u@jigsy.com,Winona,Woollaston,Canada
omarklund5v@360.cn,Odelle,Marklund,United States
fosiaghail5w@usda.gov,Fidelio,O'Siaghail,United States
ebalshen5x@europa.eu,Estrellita,Balshen,Canada
dmorgans5y@noaa.gov,Deni,Morgans,United States
hattridge5z@geocities.jp,Haslett,Attridge,United Kingdom
lbarrack60@aol.com,Lamond,Barrack,United States
agail61@tripod.com,Aggi,Gail,Canada
gkilgallon62@baidu.com,Gayleen,Kilgallon,United States
sbinton63@youtube.com,Sylas,Binton,United States
aspitaro64@geocities.jp,Ado,Spitaro,Canada
kbartlosz65@macromedia.com,Kellsie,Bartlosz,United States
pzappel66@histats.com,Petronilla,Zappel,Canada
vbodiam67@hugedomains.com,Vitoria,Bodiam,United States
bcaldecutt68@is.gd,Bucky,Caldecutt,Canada
shildrew69@tiny.cc,Sharity,Hildrew,United States
tmarlor6a@weather.com,Tadio,Marlor,United States
cpryde6b@mit.edu,Candy,Pryde,Canada
rdrewery6c@freewebs.com,Renata,Drewery,Canada
ademcik6d@barnesandnoble.com,Alvan,Demcik,United States
imelato6e@harvard.edu,Isabelita,Melato,United States
cpimlott6f@hubpages.com,Carey,Pimlott,United States
lschruyers6g@elegantthemes.com,Lorant,Schruyers,United States
tgosnell6h@wikipedia.org,Torre,Gosnell,United Kingdom
wlevane6i@howstuffworks.com,Waverley,Levane,United States
jferentz6j@yandex.ru,Jinny,Ferentz,Canada
amuehler6k@tinypic.com,Amity,Muehler,United States
ojimeno6l@nhs.uk,Oneida,Jimeno,Canada
bbolley6m@baidu.com,Barris,Bolley,Canada
nneeve6n@ucsd.edu,Nicola,Neeve,United States
hgreet6o@webeden.co.uk,Hunt,Greet,United States
lpeyntue6p@indiatimes.com,Lavina,Peyntue,United States
marrighini6q@constantcontact.com,Mathew,Arrighini,Canada
cmcaneny6r@free.fr,Ced,McAneny,United States
sbrumwell6s@e-recht24.de,Solly,Brumwell,United States
dmar6t@uiuc.edu,Delbert,Mar,United States
wzanetello6u@examiner.com,Wenonah,Zanetello,United States
ofinci6v@blogtalkradio.com,Osmund,Finci,United States
ihardesty6w@nhs.uk,Ikey,Hardesty,United States
jpurvess6x@hatena.ne.jp,Joceline,Purvess,United States
rlutty6y@miitbeian.gov.cn,Robena,Lutty,Canada
aelcom6z@usgs.gov,Agatha,Elcom,United States
rpescud70@yahoo.com,Roldan,Pescud,United Kingdom
jsalazar71@ox.ac.uk,Jakie,Salazar,United States
npittford72@rambler.ru,Nikaniki,Pittford,United States
stibb73@angelfire.com,Stan,Tibb,Canada
mgonzales74@senate.gov,Merrick,Gonzales,United States
mbenyan75@freewebs.com,Miquela,Benyan,Canada
krawne76@privacy.gov.au,Katalin,Rawne,United States
opigrome77@un.org,Orella,Pigrome,Canada
aantonescu78@netscape.com,Ansley,Antonescu,United States
jbullin79@google.co.uk,Jackie,Bullin,United States
boxby7a@noaa.gov,Bjorn,Oxby,United States
jtroman7b@oracle.com,Jessika,Troman,United Kingdom
mblemen7c@apple.com,Margaretta,Blemen,United States
agorden7d@smugmug.com,Archibald,Gorden,United States
mkermitt7e@quantcast.com,Mel,Kermitt,Canada
lsiemandl7f@blogtalkradio.com,Linoel,Siemandl,Canada
saasaf7g@dyndns.org,Samaria,Aasaf,United States
ddonner7h@berkeley.edu,Donn,Donner,United Kingdom
ghopkyns7i@t-online.de,Gannon,Hopkyns,United States
lmccollum7j@trellian.com,Laurena,McCollum,United States
bfew7k@hugedomains.com,Blanche,Few,United States
shurn7l@whitehouse.gov,Sophronia,Hurn,United States
hhardcastle7m@smh.com.au,Hilliard,Hardcastle,United Kingdom
amcnamara7n@auda.org.au,Anatollo,McNamara,Canada
spaulot7o@chron.com,Sonya,Paulot,United States
pgross7p@tmall.com,Pandora,Gross,Canada
vdibble7q@nytimes.com,Vin,Dibble,United States
vvondruska7r@webs.com,Vernice,Vondruska,Canada
tgecke7s@dagondesign.com,Tiffany,Gecke,United States
iellcome7t@wikipedia.org,Ive,Ellcome,United States
ftissell7u@google.es,Flossie,Tissell,United States
clabin7v@wikipedia.org,Courtney,Labin,United States
weveritt7w@pbs.org,Winn,Everitt,United States
msparry7x@nationalgeographic.com,Marlo,Sparry,Canada
aludgrove7y@ow.ly,Alecia,Ludgrove,Canada
preadwin7z@google.co.jp,Patton,Readwin,United States
gcardenas80@army.mil,Gertruda,Cardenas,United States
hfoskin81@blogtalkradio.com,Harv,Foskin,United States
pfranklen82@princeton.edu,Pearce,Franklen,United States
jmount83@dropbox.com,Jordana,Mount,United States
hwalsh84@over-blog.com,Hodge,Walsh,Canada
breuven85@mapquest.com,Belia,Reuven,United Kingdom
yfrancesch86@nba.com,Yancy,Francesch,Canada
hslesser87@dmoz.org,Hubert,Slesser,United States
rleguay88@ft.com,Ritchie,Leguay,United States
sficken89@addtoany.com,Shanta,Ficken,United States
lcoopland8a@canalblog.com,Lil,Coopland,United States
rpenrice8b@cocolog-nifty.com,Raff,Penrice,Canada
ntottle8c@state.gov,Nola,Tottle,United States
rmckeachie8d@hugedomains.com,Ronny,McKeachie,United States
rriddeough8e@tripod.com,Robbert,Riddeough,United States
eostrich8f@yellowpages.com,Ernie,Ostrich,United Kingdom
ehudleston8g@foxnews.com,Essa,Hudleston,United States
lmorman8h@twitter.com,Leanna,Morman,Canada
itumilson8i@chron.com,Iolande,Tumilson,United States
bhallewell8j@digg.com,Brandy,Hallewell,United States
gattoe8k@redcross.org,Gwyn,Attoe,Canada
boulner8l@mlb.com,Bobine,Oulner,United States
fslocum8m@bloomberg.com,Franciskus,Slocum,United States
ewynrehame8n@google.co.jp,Ebeneser,Wynrehame,United States
hmcneil8o@springer.com,Hussein,McNeil,United States
ngoolden8p@salon.com,Norri,Goolden,Canada
ntremollet8q@ed.gov,Nellie,Tremollet,United States
woxbrow8r@nationalgeographic.com,Ware,Oxbrow,United States
bjoisce8s@alibaba.com,Baily,Joisce,Canada
ascrivens8t@quantcast.com,Andy,Scrivens,United States
jmelluish8u@joomla.org,Jourdain,Melluish,United States
eflagg8v@thetimes.co.uk,Edmon,Flagg,United States
aedgeler8w@cyberchimps.com,Aylmer,Edgeler,United States
nchurms8x@360.cn,Natassia,Churms,United States
hourry8y@devhub.com,Humberto,Ourry,Canada
vadamovicz8z@msu.edu,Vaclav,Adamovicz,United States
kloiseau90@bing.com,Kenyon,L'oiseau,Canada
oricharz91@woothemes.com,Ollie,Richarz,United States
aimison92@sbwire.com,Anabella,Imison,United States
lbradder93@naver.com,Lacee,Bradder,Canada
ngorse94@umich.edu,Natalie,Gorse,United States
skneafsey95@unesco.org,Salmon,Kneafsey,Canada
hblowick96@springer.com,Heloise,Blowick,United States
ckline97@networksolutions.com,Cornelle,Kline,Canada
mroback98@springer.com,Mora,Roback,United States
rwelband99@discuz.net,Regine,Welband,United States
snarramor9a@imdb.com,Shena,Narramor,United States
vcracknall9b@seattletimes.com,Valaria,Cracknall,United States
btommis9c@census.gov,Bel,Tommis,United States
hmcblain9d@epa.gov,Helen,McBlain,United States
preignard9e@independent.co.uk,Pepe,Reignard,Canada
lmillyard9f@yale.edu,Lianne,Millyard,United States
adecourcey9g@wired.com,Aili,de Courcey,United States
fgrestie9h@miibeian.gov.cn,Felice,Grestie,United States
drowling9i@digg.com,Davina,Rowling,United States
rodam9j@amazonaws.com,Ranee,Odam,United States
ccoole9k@omniture.com,Cherrita,Coole,United States
afirpi9l@soundcloud.com,Adda,Firpi,United States
mstaton9m@comcast.net,Montague,Staton,United States
sbwy9n@trellian.com,Sephira,Bwy,United States
rschubert9o@hatena.ne.jp,Randy,Schubert,United States
bblenkinsopp9p@taobao.com,Barron,Blenkinsopp,United States
arake9q@google.pl,Adrian,Rake,United States
eburgan9r@dropbox.com,Eli,Burgan,United Kingdom
mmccaughan9s@globo.com,Mallory,McCaughan,Canada
rsommerled9t@answers.com,Rooney,Sommerled,Canada
mkloisner9u@hud.gov,Mohandas,Kloisner,Canada
ksuarez9v@google.es,Karyn,Suarez,United States
kwestnage9w@princeton.edu,Kala,Westnage,United States
edymock9x@cloudflare.com,Ezri,Dymock,United States
abrason9y@timesonline.co.uk,Alie,Brason,United States
cfessby9z@ovh.net,Cher,Fessby,United States
adownsa0@imgur.com,Austen,Downs,United Kingdom
gcorragana1@bing.com,Gisella,Corragan,United States
aquerreea2@europa.eu,Andria,Querree,United States
mdanjoiea3@yahoo.com,Malvina,Danjoie,United States
jswafielda4@timesonline.co.uk,Jordana,Swafield,United States
rcorkilla5@mlb.com,Robby,Corkill,United States
bcasletta6@marriott.com,Bathsheba,Caslett,United States
pjeckellsa7@forbes.com,Patricia,Jeckells,United States
twhellansa8@npr.org,Tam,Whellans,United States
bstallwooda9@sphinn.com,Bertrando,Stallwood,United Kingdom
gschoroderaa@shinystat.com,Guendolen,Schoroder,United States
chobbemaab@mapquest.com,Corri,Hobbema,United States
ivoffac@delicious.com,Isaac,Voff,United States
dstrugnellad@baidu.com,Desiree,Strugnell,Canada
kbrundallae@dyndns.org,Kylie,Brundall,United States
escyoneaf@nba.com,Ebony,Scyone,United States
adoutchag@blogspot.com,Antonia,Doutch,United States
ckuhneah@fda.gov,Cami,Kuhne,Canada
enealeai@wikispaces.com,Elbert,Neale,United Kingdom
tkornaj@sciencedirect.com,Tuck,Korn,Canada
fgrottyak@who.int,Franz,Grotty,United States
kchippindaleal@symantec.com,Kirsten,Chippindale,United States
tbeldumam@cyberchimps.com,Travis,Beldum,United States
akitchenhaman@jiathis.com,Amble,Kitchenham,United States
ascollickao@bing.com,Alexa,Scollick,Canada
mowthwaiteap@sfgate.com,Mildred,Owthwaite,Canada
vtidmanaq@npr.org,Vasily,Tidman,United States
apotterilar@psu.edu,Andrew,Potteril,Canada
pfranzas@360.cn,Pooh,Franz,United States
mmikalskiat@domainmarket.com,Marlena,Mikalski,United States
rgorvinau@icio.us,Reggi,Gorvin,United States
ilumleyav@hugedomains.com,Ike,Lumley,United States
kbartelotaw@yahoo.co.jp,Kesley,Bartelot,Canada
lvongrollmannax@mayoclinic.com,Lilith,von Grollmann,Canada
jwitheridgeay@merriam-webster.com,Jade,Witheridge,United States
pworldaz@irs.gov,Prissie,World,United States
emawfordb0@hexun.com,Emeline,Mawford,United States
cbollomb1@joomla.org,Cristal,Bollom,United States
tparmbyb2@nba.com,Teriann,Parmby,United States
thumphreyb3@biglobe.ne.jp,Titos,Humphrey,Canada
hduffyb4@weather.com,Hadria,Duffy,Canada
arimbaultb5@washingtonpost.com,Abdul,Rimbault,United States
fespineb6@icio.us,Fallon,Espine,Canada
ndigbyb7@webs.com,Nicolas,Digby,Canada
jhowgegob8@ihg.com,Jeremiah,Howgego,United States
aslayb9@flavors.me,Allys,Slay,Canada
vspearba@kickstarter.com,Vance,Spear,United States
jbrummittbb@prweb.com,Julissa,Brummitt,United States
bgilhooliebc@arstechnica.com,Bernardo,Gilhoolie,Canada
fblackborobd@google.com.au,Filmer,Blackboro,Canada
meckhbe@usda.gov,Mohammed,Eckh,United Kingdom
jayrebf@prlog.org,Jobyna,Ayre,Canada
jwessonbg@stumbleupon.com,Jacky,Wesson,Canada
apennycordbh@salon.com,Amanda,Pennycord,Canada
tlambartonbi@hexun.com,Tillie,Lambarton,Canada
tospillanebj@hud.gov,Tova,O'Spillane,United Kingdom
msnaselbk@archive.org,Marquita,Snasel,Canada
rnaullsbl@unesco.org,Rriocard,Naulls,United Kingdom
bfinessybm@google.it,Berget,Finessy,United States
zsidworthbn@wp.com,Zilvia,Sidworth,United States
cbrufordbo@freewebs.com,Chariot,Bruford,United States
ifaveybp@theguardian.com,Inglebert,Favey,Canada
cmccartbq@goodreads.com,Claudine,McCart,United States
eertbr@pinterest.com,Emmalynne,Ert,United Kingdom
fruossbs@aboutads.info,Felisha,Ruoss,United States
jmariyushkinbt@woothemes.com,Jo-ann,Mariyushkin,United States
ddumbletonbu@sciencedirect.com,Dyann,Dumbleton,Canada
aomonahanbv@mit.edu,Annaliese,O'Monahan,United States
fkubeckabw@nsw.gov.au,Fremont,Kubecka,United States
uunworthbx@usgs.gov,Umberto,Unworth,Canada
pblaskeby@t-online.de,Penny,Blaske,Canada
vgribbellbz@arizona.edu,Virgie,Gribbell,Canada
ostaintonc0@technorati.com,Odie,Stainton,United States
cebbittc1@clickbank.net,Clerissa,Ebbitt,United States
kdelgardoc2@huffingtonpost.com,Kerrie,Delgardo,Canada
ppresslandc3@deviantart.com,Patrizia,Pressland,United States
cferbrachec4@wikia.com,Carmine,Ferbrache,United States
ftredgetc5@zimbio.com,Freddie,Tredget,United States
joakwellc6@paginegialle.it,Joli,Oakwell,Canada
aoclearyc7@ow.ly,Aloysia,O'Cleary,United States
vantyshevc8@fc2.com,Vannie,Antyshev,United States
tpilmoorc9@addtoany.com,Timothy,Pilmoor,United States
tprestigeca@chronoengine.com,Timmy,Prestige,Canada
dcaffertycb@mozilla.org,Dorrie,Cafferty,Canada
bdumphycc@wikispaces.com,Birdie,Dumphy,Canada
scattersoncd@va.gov,Sarajane,Catterson,United States
lalpesce@ifeng.com,Lucias,Alpes,Canada
hstollenwerckcf@ox.ac.uk,Hamid,Stollenwerck,United States
cnovakoviccg@livejournal.com,Carolyn,Novakovic,Canada
gkennawaych@aboutads.info,Gal,Kennaway,Canada
ljulyanci@mapy.cz,Lil,Julyan,Canada
vlafondcj@yandex.ru,Vi,Lafond,Canada
qskermerck@pagesperso-orange.fr,Quint,Skermer,United States
fleececl@sciencedirect.com,Flossi,Leece,Canada
ebollandscm@posterous.com,Eddy,Bollands,United States
spawlatacn@usa.gov,Silvester,Pawlata,United States
nedinboroco@altervista.org,Nathan,Edinboro,United States
tstrelitzkicp@simplemachines.org,Ty,Strelitzki,Canada
ggellandcq@ning.com,Greg,Gelland,Canada
dbaxstaircr@ox.ac.uk,Dun,Baxstair,United States
jeckhcs@amazonaws.com,Jyoti,Eckh,United States
qhulancect@gnu.org,Quincey,Hulance,United States
hczaplecu@usnews.com,Hetti,Czaple,United States
jgoodlakecv@nps.gov,Judi,Goodlake,United States
kcornescw@discuz.net,Kathlin,Cornes,United States
csteansoncx@mysql.com,Christine,Steanson,United States
hwaldockcy@slashdot.org,Hakim,Waldock,United States
fcoumbecz@angelfire.com,Feodor,Coumbe,Canada
mayerd0@eepurl.com,Massimo,Ayer,United States
dsikorskyd1@infoseek.co.jp,Dall,Sikorsky,United Kingdom
aberthed2@google.cn,Arny,Berthe,United States
lphilipsd3@dedecms.com,Levon,Philips,Canada
dnottinghamd4@wp.com,Darrel,Nottingham,United Kingdom
ghowgegod5@1und1.de,Guillema,Howgego,United States
cdandread6@slashdot.org,Carmela,D'Andrea,United Kingdom
vgreatexd7@deliciousdays.com,Valentia,Greatex,Canada
vrangelld8@tmall.com,Vally,Rangell,United States
abowesd9@bravesites.com,Aila,Bowes,United States
lcraikerda@gmpg.org,Lurette,Craiker,United States
bkraftdb@wordpress.com,Brooks,Kraft,Canada
kgrigoronidc@github.io,Kissee,Grigoroni,Canada
bmowendd@wiley.com,Belita,Mowen,Canada
agildingde@jalbum.net,Andrea,Gilding,United States
owanekdf@g.co,Odey,Wanek,United States
rsprossondg@bigcartel.com,Richard,Sprosson,Canada
awincedh@weebly.com,Annabela,Wince,Canada
nhirchedi@mit.edu,Nathanial,Hirche,United States
mvealdj@mysql.com,Melli,Veal,United States
atindalldk@shareasale.com,Agneta,Tindall,Canada
tfrankcombedl@addthis.com,Therine,Frankcombe,Canada
ipattemoredm@thetimes.co.uk,Isabella,Pattemore,Canada
haccombedn@rakuten.co.jp,Humfried,Accombe,United States
bcantondo@prnewswire.com,Bancroft,Canton,Canada
awandreydp@hud.gov,Annelise,Wandrey,Canada
wjeffelsdq@reuters.com,Willi,Jeffels,United States
hdorredr@bizjournals.com,Hinze,Dorre,United States
ochrestiends@purevolume.com,Odie,Chrestien,Canada
gcalowdt@wp.com,Georgena,Calow,Canada
bhenworthdu@accuweather.com,Beauregard,Henworth,United States
bconrartdv@abc.net.au,Bree,Conrart,United States