email,consent_date
mlawther0@sciencedirect.com,18/11/2023
phutcheon1@telegraph.co.uk,30/07/2023
cpossell2@github.io,19/06/2023
gdirkin3@latimes.com,06/10/2023
zdaveren4@eventbrite.com,09/12/2023
gbaudinot5@nydailynews.com,30/07/2023
ehanbridge6@naver.com,07/12/2023
ctrevaskis7@photobucket.com,04/08/2023
parrighini8@51.la,12/09/2023
gvittle9@ed.gov,16/10/2023
rcraytona@eepurl.com,10/12/2023
eprucknerb@storify.com,05/11/2023
gpackerc@vk.com,09/08/2023
dnickelsd@scientificamerican.com,03/09/2023
mgransdene@jimdo.com,01/07/2023
gkettowf@addtoany.com,10/09/2023
cbausmanng@so-net.ne.jp,10/11/2023
ccasillish@reference.com,12/07/2023
aethridgei@cnet.com,21/09/2023
dgaitungj@vkontakte.ru,22/11/2023
mburgisik@paypal.com,22/07/2023
swhitlandl@about.me,30/07/2023
wjosselsonm@pagesperso-orange.fr,12/11/2023
ldanielsn@yellowbook.com,10/08/2023
sshurlocko@alexa.com,16/07/2023
lkilloughp@webnode.com,16/10/2023
wsangwinq@chronoengine.com,10/10/2023
rfranklandr@youtu.be,06/09/2023
umars@cam.ac.uk,21/07/2023
lstennett@bloglovin.com,01/11/2023
jolennikovu@artisteer.com,20/06/2023
jrossbrookev@omniture.com,14/10/2023
lwainscotw@yale.edu,05/09/2023
dgaddiex@ebay.com,21/08/2023
nklemkey@mozilla.org,23/06/2023
jroselliniz@mediafire.com,02/08/2023
blacelett10@studiopress.com,02/10/2023
amessent11@npr.org,09/10/2023
gavarne12@unblog.fr,27/07/2023
kruprecht13@narod.ru,16/11/2023
abloor14@gravatar.com,05/12/2023
blinton15@amazon.com,25/09/2023
nsindle16@twitter.com,18/06/2023
drolance17@elegantthemes.com,29/09/2023
scornner18@tmall.com,10/08/2023
ycorrado19@harvard.edu,22/07/2023
mviel1a@bing.com,26/07/2023
kmacascaidh1b@businessweek.com,03/08/2023
sdrohun1c@lycos.com,29/11/2023
eburdfield1d@de.vu,24/10/2023
dkisting1e@tmall.com,24/10/2023
astelfax1f@parallels.com,01/11/2023
frolinson1g@lulu.com,11/07/2023
hsharrem1h@1und1.de,25/10/2023
gzorzoni1i@stanford.edu,09/12/2023
csalvage1j@globo.com,17/09/2023
alearned1k@webeden.co.uk,03/12/2023
callanson1l@tumblr.com,14/10/2023
jditter1m@microsoft.com,01/08/2023
dperillo1n@pagesperso-orange.fr,12/12/2023
geaves1o@goodreads.com,09/11/2023
smacmeeking1p@tinypic.com,09/08/2023
bfeild1q@privacy.gov.au,05/12/2023
iwooldridge1r@soundcloud.com,05/10/2023
ktetley1s@cloudflare.com,10/07/2023
rcoger1t@walmart.com,16/10/2023
rroyston1u@timesonline.co.uk,09/07/2023
tlopes1v@paypal.com,01/08/2023
sbroadey1w@japanpost.jp,21/07/2023
wsans1x@ustream.tv,26/10/2023
jrunham1y@meetup.com,04/09/2023
apettitt1z@youku.com,24/08/2023
cmckeighan20@sciencedaily.com,15/10/2023
dtheodore21@nationalgeographic.com,24/10/2023
rhorley22@is.gd,12/11/2023
gdodge23@meetup.com,21/07/2023
cbaribal24@posterous.com,03/09/2023
dgriggs25@sbwire.com,20/09/2023
wmoxsom26@umn.edu,02/09/2023
clinde27@blinklist.com,08/08/2023
lsimeone28@tuttocitta.it,20/06/2023
cposvner29@linkedin.com,15/10/2023
hgheerhaert2a@marketwatch.com,20/10/2023
lsenescall2b@upenn.edu,11/07/2023
bgowler2c@smh.com.au,13/07/2023
ttomkowicz2d@patch.com,15/11/2023
rdanielian2e@forbes.com,23/06/2023
jleacock2f@google.com,09/08/2023
mmacmorland2g@bandcamp.com,01/07/2023
dlebarr2h@salon.com,10/08/2023
fdimitriev2i@bloglovin.com,08/08/2023
pbriand2j@whitehouse.gov,02/10/2023
rsexten2k@hugedomains.com,12/10/2023
dgowenlock2l@washington.edu,15/11/2023
nheckney2m@wufoo.com,06/10/2023
ebrunstan2n@cnet.com,31/08/2023
carmall2o@mit.edu,12/12/2023
aiacomettii2p@dedecms.com,19/09/2023
abrideaux2q@cdc.gov,18/11/2023
clargan2r@reference.com,12/12/2023
mwhyley2s@dyndns.org,27/06/2023
lstarsmeare2t@blogger.com,02/07/2023
cmalyon2u@symantec.com,09/07/2023
bsmallacombe2v@gnu.org,26/06/2023
thowles2w@mail.ru,14/08/2023
sthomesson2x@icio.us,19/06/2023
tmcconnell2y@baidu.com,07/10/2023
smatisse2z@sogou.com,24/08/2023
fllywarch30@cdc.gov,12/10/2023
earkcoll31@fda.gov,30/10/2023
pvearncomb32@sun.com,14/07/2023
jgillyatt33@is.gd,12/09/2023
frodman34@microsoft.com,12/12/2023
dpeltzer35@independent.co.uk,06/08/2023
isprull36@state.tx.us,26/07/2023
zrealy37@pcworld.com,24/09/2023
mirvine38@dropbox.com,13/11/2023
smyrkus39@pagesperso-orange.fr,14/10/2023
kbrimley3a@smh.com.au,02/12/2023
gpetty3b@myspace.com,08/11/2023
mniccolls3c@ucoz.ru,10/12/2023
dgeer3d@vk.com,19/11/2023
cantunes3e@ifeng.com,19/07/2023
gsimonich3f@zimbio.com,28/09/2023
dclere3g@domainmarket.com,03/10/2023
ealthrop3h@ibm.com,23/10/2023
gjacob3i@com.com,29/06/2023
msodor3j@indiegogo.com,12/08/2023
jvockins3k@gnu.org,05/11/2023
mcomiam3l@prlog.org,24/06/2023
mpatrickson3m@who.int,30/08/2023
ctringham3n@hatena.ne.jp,03/11/2023
wmerrilees3o@seattletimes.com,27/08/2023
hzahor3p@ycombinator.com,23/06/2023
gjuares3q@de.vu,26/11/2023
elacase3r@usatoday.com,11/08/2023
nregenhardt3s@dot.gov,25/07/2023
rgarie3t@trellian.com,07/09/2023
sfulop3u@arizona.edu,18/07/2023
ilaydel3v@buzzfeed.com,08/11/2023
oprujean3w@sourceforge.net,15/10/2023
fhastilow3x@bloglines.com,02/12/2023
ataggart3y@godaddy.com,18/10/2023
achateau3z@sogou.com,12/09/2023
nlotterington40@wix.com,15/11/2023
mstuchbery41@live.com,19/08/2023
siron42@wix.com,26/11/2023
vpeople43@furl.net,13/07/2023
gtonn44@discovery.com,15/09/2023
jskepper45@ovh.net,14/09/2023
jbassford46@so-net.ne.jp,18/06/2023
rcullingworth47@printfriendly.com,24/09/2023
mbrumbie48@squidoo.com,12/08/2023
hfozzard49@uol.com.br,01/09/2023
kthor4a@sfgate.com,17/11/2023
carnao4b@howstuffworks.com,30/07/2023
ebuckston4c@qq.com,17/08/2023
csalzburg4d@sciencedaily.com,05/09/2023
mpanichelli4e@npr.org,27/07/2023
gbaumadier4f@ning.com,23/11/2023
dflute4g@arizona.edu,21/08/2023
rreuter4h@intel.com,18/09/2023
fedwicker4i@home.pl,14/09/2023
wgue4j@google.de,07/07/2023
lkohler4k@hp.com,29/08/2023
cpitbladdo4l@ehow.com,23/09/2023
lmillsap4m@microsoft.com,01/10/2023
nbidmead4n@va.gov,27/06/2023
hguppy4o@linkedin.com,05/07/2023
mbirney4p@studiopress.com,22/09/2023
bcreighton4q@economist.com,06/07/2023
gtomaselli4r@ucoz.ru,25/07/2023
dstanyan4s@independent.co.uk,14/09/2023
lyarnley4t@dyndns.org,25/10/2023
cwhitebread4u@163.com,16/10/2023
smaginn4v@godaddy.com,09/11/2023
dbusch4w@pcworld.com,21/06/2023
alucia4x@aboutads.info,08/09/2023
cdeaconson4y@yellowbook.com,30/11/2023
abroader4z@uiuc.edu,08/11/2023
gdeamaya50@shinystat.com,25/07/2023
rbeltzner51@xinhuanet.com,11/10/2023
jbescoby52@nba.com,23/06/2023
lmacdearmid53@examiner.com,06/10/2023
emallion54@exblog.jp,09/11/2023
hdillintone55@irs.gov,15/07/2023
sneeves56@ibm.com,26/11/2023
smclugaish57@illinois.edu,22/06/2023
rcatcheside58@sina.com.cn,06/11/2023
lcarrack59@imdb.com,05/09/2023
jeden5a@samsung.com,09/08/2023
awalburn5b@networkadvertising.org,02/07/2023
pnicklen5c@t-online.de,07/11/2023
mforsdicke5d@vimeo.com,27/09/2023
csushams5e@elegantthemes.com,02/12/2023
rjaxon5f@vkontakte.ru,28/10/2023
fspaule5g@artisteer.com,14/07/2023
dgainsburgh5h@oracle.com,20/11/2023
hchastanet5i@oaic.gov.au,29/06/2023
nmattholie5j@webeden.co.uk,27/10/2023
ppovele5k@examiner.com,04/11/2023
cshawcross5l@timesonline.co.uk,18/08/2023
balforde5m@tamu.edu,12/12/2023
lchappelow5n@slate.com,04/09/2023
vmilbank5o@last.fm,01/11/2023
gclayfield5p@histats.com,27/11/2023
ssture5q@cam.ac.uk,03/09/2023
cgreim5r@google.com,10/11/2023
cpepper5s@europa.eu,06/09/2023
oport5t@nyu.edu,18/06/2023
whordle5u@4shared.com,29/09/2023
kcurneen5v@photobucket.com,21/06/2023
gseeley5w@loc.gov,05/09/2023
descott5x@reddit.com,24/11/2023
rsibbet5y@newsvine.com,25/11/2023
dhedylstone5z@theglobeandmail.com,06/09/2023
ehaverty60@biglobe.ne.jp,12/10/2023
abeatens61@fc2.com,05/08/2023
cviccary62@washington.edu,24/09/2023
slarrosa63@artisteer.com,15/08/2023
rcrich64@google.cn,06/08/2023
gzavattari65@freewebs.com,09/09/2023
hgoldenofireland66@google.co.uk,06/12/2023
pruhben67@seesaa.net,30/06/2023
olarive68@stanford.edu,02/08/2023
bjarrell69@china.com.cn,29/06/2023
mklimek6a@theatlantic.com,22/06/2023
acritten6b@washingtonpost.com,23/08/2023
rstory6c@trellian.com,16/07/2023
divakhnov6d@pinterest.com,25/11/2023
dsawden6e@bbc.co.uk,17/11/2023
kcawsey6f@cbsnews.com,07/12/2023
fmcgoogan6g@unc.edu,25/08/2023
vlyston6h@ft.com,25/08/2023
skohlert6i@flavors.me,07/07/2023
sfippe6j@wsj.com,28/06/2023
egaddie6k@amazon.com,25/10/2023
gsaltman6l@fema.gov,28/10/2023
hbownas6m@ucoz.ru,08/12/2023
ccloss6n@hexun.com,17/08/2023
lraikes6o@mozilla.com,30/07/2023
weverex6p@dot.gov,15/12/2023
bsakins6q@desdev.cn,15/09/2023
dgarrity6r@hexun.com,09/10/2023
ktwiggs6s@so-net.ne.jp,07/10/2023
htaile6t@csmonitor.com,06/11/2023
lcomar6u@nyu.edu,25/06/2023
bbreslauer6v@wordpress.org,15/09/2023
slanon6w@csmonitor.com,24/10/2023
dhelix6x@amazon.de,31/10/2023