Email,FirstName,LastName
fandriss0@networkadvertising.org,Finley,Andriss
jdavidovsky1@wikimedia.org,Julietta,Davidovsky
ksirette2@mozilla.com,Krissie,Sirette
clevecque3@stanford.edu,Carlita,Levecque
sruncieman4@wiley.com,Sheffy,Runcieman
fgurg5@digg.com,Fin,Gurg
djuza6@google.it,Delcine,Juza
gchinnery7@google.com,Gardener,Chinnery
earnout8@gravatar.com,Erina,Arnout
snorthgraves9@liveinternet.ru,Stanfield,Northgraves
ominghia@foxnews.com,Ole,Minghi
eughellib@columbia.edu,Enrika,Ughelli
jholworthc@ucoz.ru,Jaine,Holworth
lblackshawd@prweb.com,Livvyy,Blackshaw
wlydstere@cam.ac.uk,Ward,Lydster
mdollimoref@fotki.com,Miltie,Dollimore
fdellascalag@apache.org,Farrel,Della Scala
arowthorneh@canalblog.com,Aretha,Rowthorne
nglackini@springer.com,Niki,Glackin
fyushankinj@blinklist.com,Friederike,Yushankin
vfishek@oracle.com,Verna,Fishe
dkondratyukl@tiny.cc,Darrin,Kondratyuk
ccollingsm@meetup.com,Case,Collings
udafyddn@skype.com,Udall,Dafydd
abernhardssono@state.gov,Alameda,Bernhardsson
alarosap@jiathis.com,Anatole,La Rosa
blacyq@cnet.com,Bartholomew,Lacy
phestropr@google.co.jp,Pearline,Hestrop
cdrewets@youku.com,Carlyle,Drewet
atuddallt@ca.gov,Abba,Tuddall
dkryszkieciczu@unc.edu,Dane,Kryszkiecicz
akrystofv@blogger.com,Andree,Krystof
fdiboldiw@japanpost.jp,Francesca,Di Boldi
gdopplerx@wikimedia.org,Guillema,Doppler
dbelmonty@whitehouse.gov,Diann,Belmont
sabarrowz@bandcamp.com,Starla,A'Barrow
tbougen10@wordpress.com,Tersina,Bougen
ecocklin11@free.fr,Eduard,Cocklin
dcanavan12@tamu.edu,Dana,Canavan
lhatwells13@homestead.com,Lorrie,Hatwells
dwenham14@usnews.com,Dukie,Wenham
oiacobacci15@tmall.com,Omero,Iacobacci
cbennet16@flickr.com,Carrol,Bennet
aboxer17@nyu.edu,Alleen,Boxer
jlatek18@unesco.org,Jocelyn,Latek
tpaterno19@berkeley.edu,Trescha,Paterno
mbruckenthal1a@gnu.org,Marlo,Bruckenthal
lbraunroth1b@youku.com,Lesley,Braunroth
bmogie1c@joomla.org,Ban,Mogie
hruperto1d@bing.com,Hobie,Ruperto
hglamart1e@people.com.cn,Helenka,Glamart
lmctear1f@japanpost.jp,Lorette,McTear
salywin1g@php.net,Steward,Alywin
esolano1h@washington.edu,Erny,Solano
mdyball1i@google.de,Minerva,Dyball
roconcannon1j@tripod.com,Reena,O' Concannon
lrichards1k@purevolume.com,Lew,Richards
mfrears1l@rakuten.co.jp,Marshall,Frears
lalaway1m@marketwatch.com,Liliane,Alaway
vmoorcroft1n@about.me,Veronike,Moorcroft
wcolpus1o@geocities.com,Wolf,Colpus
vmurrison1p@hhs.gov,Veronike,Murrison
nfolshom1q@qq.com,Norah,Folshom
itabourel1r@state.gov,Iosep,Tabourel
hwaple1s@istockphoto.com,Homer,Waple
cghione1t@ycombinator.com,Cal,Ghione
dboylin1u@tuttocitta.it,Dolli,Boylin
aibberson1v@networkadvertising.org,Alberik,Ibberson
smilley1w@marriott.com,Shep,Milley
klilleyman1x@delicious.com,Karyl,Lilleyman
eplose1y@exblog.jp,Editha,Plose
srishman1z@usatoday.com,Sher,Rishman
lreeder20@globo.com,Laurence,Reeder
hdanielli21@seattletimes.com,Hamnet,Danielli
ekenrick22@jigsy.com,Elston,Kenrick
akelmere23@chicagotribune.com,Adey,Kelmere
gvanelli24@hhs.gov,Ginevra,Vanelli
wrameaux25@weibo.com,Worth,Rameaux
atruesdale26@aol.com,Ailene,Truesdale
lgorman27@mapquest.com,Laurie,Gorman
kthaller28@phpbb.com,Kial,Thaller
ktingey29@amazon.com,Kris,Tingey
rbaistow2a@ft.com,Rochette,Baistow
jdubois2b@delicious.com,Jeanette,Dubois
zjakuszewski2c@census.gov,Zuzana,Jakuszewski
eortiga2d@sogou.com,Ewart,Ortiga
gcarlozzi2e@t.co,Giraud,Carlozzi
bwintour2f@godaddy.com,Bill,Wintour
mduffield2g@edublogs.org,Myrtia,Duffield
koldacres2h@homestead.com,Kathrine,Oldacres
gtweedell2i@wikipedia.org,Geoffry,Tweedell
chegg2j@nydailynews.com,Curran,Hegg
pclint2k@trellian.com,Philippine,Clint
cwainscot2l@oracle.com,Che,Wainscot
lshillinglaw2m@istockphoto.com,Laurie,Shillinglaw
aaris2n@dot.gov,Avie,Aris
lbrazil2o@godaddy.com,Lucretia,Brazil
cbattell2p@gravatar.com,Chet,Battell
adows2q@si.edu,Annis,Dows
ybellward2r@xing.com,Yankee,Bellward
aranger2s@list-manage.com,Alissa,Ranger
jesplin2t@amazon.co.uk,Jemima,Esplin
dbattisson2u@nih.gov,Damiano,Battisson
broberds2v@etsy.com,Bellina,Roberds
ktimewell2w@feedburner.com,Kirk,Timewell
bewell2x@alexa.com,Borden,Ewell
rbassett2y@imdb.com,Ruthy,Bassett
gpizer2z@marriott.com,Gerome,Pizer
gtomczykowski30@si.edu,Germana,Tomczykowski
hfew31@xinhuanet.com,Hazel,Few
stretter32@barnesandnoble.com,Sonnnie,Tretter
hheed33@last.fm,Henrik,Heed
lthackham34@apple.com,Leoine,Thackham
ndenacamp35@cbslocal.com,Natal,Denacamp
ftregian36@nytimes.com,Felice,Tregian
hbrecknell37@issuu.com,Hieronymus,Brecknell
cmcilreavy38@google.nl,Colan,McIlreavy
nmatskevich39@bing.com,Nicol,Matskevich
tbugdall3a@microsoft.com,Tamera,Bugdall
wmallindine3b@bbc.co.uk,Warner,Mallindine
aalty3c@theglobeandmail.com,Ardyce,Alty
btripcony3d@kickstarter.com,Bryn,Tripcony
lajsik3e@jugem.jp,Laurel,Ajsik
lgainsburgh3f@bandcamp.com,Leigh,Gainsburgh
dbatty3g@sakura.ne.jp,Desiree,Batty
abanford3h@youku.com,Archibald,Banford
rglisane3i@home.pl,Roobbie,Glisane
gdeniso3j@feedburner.com,Gayla,Deniso
rnoblett3k@lycos.com,Raina,Noblett
csaffill3l@com.com,Curt,Saffill
amuckleston3m@sfgate.com,Allie,Muckleston
lglaserman3n@wikia.com,Lena,Glaserman
cpetteford3o@europa.eu,Cherianne,Petteford
cwahner3p@omniture.com,Cristin,Wahner
hmeates3q@dedecms.com,Harmonie,Meates
hsyne3r@indiatimes.com,Hyacinthie,Syne
cgodain3s@fc2.com,Charmane,Godain
bpattingson3t@reference.com,Berthe,Pattingson
adeangelo3u@yale.edu,Agnella,De Angelo
dnevill3v@arstechnica.com,Daisy,Nevill
drubert3w@blinklist.com,Delly,Rubert
pkerley3x@ted.com,Peterus,Kerley
afahey3y@feedburner.com,Auberta,Fahey
rtrosdall3z@irs.gov,Renado,Trosdall
fnoblet40@cmu.edu,Flory,Noblet
aplatt41@pen.io,Ambrose,Platt
lproudman42@nhs.uk,Leroy,Proudman
dbuntain43@diigo.com,Devonna,Buntain
jcalender44@washington.edu,Joycelin,Calender
memilien45@weibo.com,Mariana,Emilien
amacghee46@amazonaws.com,Avrom,MacGhee
gburwood47@sourceforge.net,Gertruda,Burwood
tdohms48@diigo.com,Tisha,Dohms
sdaveley49@sciencedaily.com,Salmon,Daveley
hussher4a@artisteer.com,Hermine,Ussher
nwateridge4b@cbslocal.com,Nessie,Wateridge
mpoynser4c@scribd.com,Maurita,Poynser
lkilbride4d@europa.eu,Lydon,Kilbride
pstokey4e@disqus.com,Perkin,Stokey
jskpsey4f@europa.eu,Joyce,Skpsey
bholdall4g@ox.ac.uk,Bonnee,Holdall
cfaltin4h@bravesites.com,Cornie,Faltin
mgjerde4i@t-online.de,Missy,Gjerde
lfradson4j@mashable.com,Leonora,Fradson
sgut4k@biblegateway.com,Samuel,Gut
sclayden4l@amazon.co.jp,Sydel,Clayden
sdillinger4m@webs.com,Sue,Dillinger
dgeldeford4n@biblegateway.com,Derril,Geldeford
fbickerton4o@time.com,Fiona,Bickerton
barmitt4p@stanford.edu,Brit,Armitt
rosipenko4q@state.gov,Raynard,Osipenko
crosone4r@friendfeed.com,Colby,Rosone
rjoskovitch4s@g.co,Rae,Joskovitch
aroly4t@mediafire.com,Ainslee,Roly
igrimmert4u@google.ru,Isac,Grimmert
ospurryer4v@dagondesign.com,Olivia,Spurryer
csteere4w@marketwatch.com,Cherilyn,Steere
blankham4x@skyrock.com,Benedicta,Lankham
ebraniff4y@naver.com,Elaina,Braniff
ledington4z@cafepress.com,Lynnet,Edington
mkingsnod50@blogtalkradio.com,Marion,Kingsnod
kwickmann51@microsoft.com,Kristien,Wickmann
glowres52@indiegogo.com,Griffie,Lowres
apersehouse53@yandex.ru,Abbi,Persehouse
cmillions54@reuters.com,Cherice,Millions
watley55@howstuffworks.com,Wallas,Atley
emaving56@fotki.com,Elly,Maving
sobrallaghan57@japanpost.jp,Sonnie,O'Brallaghan
mmizzi58@cloudflare.com,Murielle,Mizzi
myarwood59@facebook.com,Mandi,Yarwood
mstrippel5a@apache.org,Mischa,Strippel
jdumbare5b@sbwire.com,Justinian,Dumbare
ndow5c@bbb.org,Norman,Dow
nkinkead5d@icio.us,Norry,Kinkead
galeshintsev5e@chron.com,Gradey,Aleshintsev
afishley5f@printfriendly.com,Archer,Fishley
awagon5g@theatlantic.com,Alysa,Wagon
cminto5h@constantcontact.com,Cindelyn,Minto
mcliffe5i@google.com.br,Mindy,Cliffe
barnet5j@wikipedia.org,Benjamin,Arnet
tsollis5k@google.co.jp,Trueman,Sollis
smabbutt5l@odnoklassniki.ru,Stacie,Mabbutt
kzanussii5m@lulu.com,Kerrill,Zanussii
cpaschke5n@homestead.com,Clyve,Paschke
cpresho5o@globo.com,Carlie,Presho
wchaloner5p@archive.org,Wilma,Chaloner
bhatrey5q@google.it,Budd,Hatrey
gdunsire5r@domainmarket.com,Gretta,Dunsire
dtukely5s@aol.com,Darla,Tukely
ggrieveson5t@posterous.com,Giacinta,Grieveson
nninnotti5u@gizmodo.com,Natty,Ninnotti
lplatts5v@nytimes.com,Lavinie,Platts
apavlovic5w@oaic.gov.au,Amabel,Pavlovic
vartz5x@unblog.fr,Vittoria,Artz
dpentelow5y@seesaa.net,Didi,Pentelow
eburnell5z@loc.gov,Elaine,Burnell
nbatchelar60@list-manage.com,Nahum,Batchelar
zsteward61@slideshare.net,Zachary,Steward
pskoof62@arstechnica.com,Paddy,Skoof
hebbens63@edublogs.org,Helyn,Ebbens
mtroppmann64@mac.com,Mikey,Troppmann
dgrimestone65@youtu.be,Dix,Grimestone
aparidge66@blog.com,Ashton,Paridge
rskitterel67@macromedia.com,Royce,Skitterel
ccumberlidge68@edublogs.org,Cello,Cumberlidge
vgotcher69@so-net.ne.jp,Vicky,Gotcher
ebrokenshaw6a@pen.io,Eddie,Brokenshaw
jgodilington6b@comcast.net,Jewel,Godilington
wlovett6c@163.com,Walliw,Lovett
lmorillas6d@bravesites.com,Lucilia,Morillas
hcosker6e@census.gov,Harriett,Cosker
tvogl6f@eepurl.com,Tatiania,Vogl
pdancer6g@tinyurl.com,Phillipp,Dancer
ogrewer6h@washington.edu,Olwen,Grewer
gtrask6i@mlb.com,Grant,Trask
ktetford6j@spiegel.de,Kassey,Tetford
htwyford6k@hexun.com,Ham,Twyford
kwivell6l@jugem.jp,Katya,Wivell
frilton6m@imageshack.us,Frayda,Rilton
cstoakes6n@artisteer.com,Candi,Stoakes
lcurson6o@usatoday.com,Lilas,Curson
corum6p@goo.ne.jp,Cathrin,Orum
ehorlick6q@a8.net,Eddi,Horlick
mklemmt6r@w3.org,Manon,Klemmt
bprovost6s@fastcompany.com,Brunhilda,Provost
ddun6t@reference.com,Dar,Dun
efaccini6u@japanpost.jp,Ermina,Faccini
ekynder6v@t.co,Elbert,Kynder
mhammerich6w@nymag.com,Martino,Hammerich
tquan6x@addtoany.com,Titus,Quan
ltysall6y@geocities.com,Leland,Tysall
tofer6z@sitemeter.com,Theo,Ofer
emckibbin70@discovery.com,Eolande,McKibbin
ofeasby71@sbwire.com,Olly,Feasby
sellingford72@psu.edu,Shadow,Ellingford
aewart73@illinois.edu,Alfredo,Ewart
hcodner74@imdb.com,Harland,Codner
bangrove75@google.com.au,Benson,Angrove
mbrosini76@furl.net,Mildrid,Brosini
mgoater77@psu.edu,Muriel,Goater
gshalcras78@narod.ru,Gizela,Shalcras
icaseborne79@w3.org,Ivy,Caseborne
wferon7a@deviantart.com,Warde,Feron
sfontes7b@i2i.jp,Sigismundo,Fontes
wbroggini7c@people.com.cn,Willow,Broggini
sgilliatt7d@macromedia.com,Sena,Gilliatt
sdeighton7e@themeforest.net,Sollie,Deighton
dclyne7f@omniture.com,Derward,Clyne
nserrurier7g@wiley.com,Neysa,Serrurier
dubanks7h@fotki.com,Donna,Ubanks
adelooze7i@1und1.de,Allister,Delooze
fsofe7j@sohu.com,Faythe,Sofe
pschneidau7k@smugmug.com,Pace,Schneidau
camori7l@xing.com,Chastity,Amori
fcheccuzzi7m@amazon.co.uk,Fianna,Checcuzzi
ejoule7n@naver.com,Elbertine,Joule
aslogrove7o@comcast.net,Allsun,Slogrove
rashwell7p@moonfruit.com,Ray,Ashwell
ggirth7q@google.co.uk,Gus,Girth
mgregoli7r@sina.com.cn,Mandi,Gregoli
agronw7s@t-online.de,Astrid,Gronw
bgrigorian7t@fotki.com,Bertie,Grigorian
ewarlow7u@ebay.co.uk,Euphemia,Warlow
rnimmo7v@usda.gov,Rozele,Nimmo
hguittet7w@liveinternet.ru,Hadleigh,Guittet
smainz7x@nbcnews.com,Saunders,Mainz
cfedorski7y@instagram.com,Claudine,Fedorski
fbaudinelli7z@friendfeed.com,Freddy,Baudinelli
sperotti80@sphinn.com,Sephira,Perotti
agreguoli81@lycos.com,Ava,Greguoli
ifeldklein82@businessweek.com,Inness,Feldklein
wjoannet83@wisc.edu,Waylen,Joannet
mbembridge84@prnewswire.com,Madelena,Bembridge
apaniman85@earthlink.net,Ana,Paniman
lebden86@jalbum.net,Lorene,Ebden
wmcfie87@bigcartel.com,Warner,McFie
dconville88@meetup.com,Daphne,Conville
kbradtke89@state.tx.us,Kaylil,Bradtke
fpiller8a@dell.com,Filmer,Piller
dweinberg8b@answers.com,Derrik,Weinberg
pfulford8c@acquirethisname.com,Phillis,Fulford
rlaba8d@elpais.com,Reinhard,Laba
gpenhearow8e@wsj.com,Gregorio,Penhearow
bhaggie8f@netvibes.com,Brooks,Haggie
pabbes8g@sitemeter.com,Paulie,Abbes
jwimsett8h@reddit.com,Jessey,Wimsett
mmealing8i@latimes.com,Milka,Mealing
kcotilard8j@plala.or.jp,Karyl,Cotilard
eweatherall8k@telegraph.co.uk,Emmet,Weatherall
fblunsden8l@baidu.com,Fredek,Blunsden
wgaskal8m@auda.org.au,Wesley,Gaskal
gferre8n@yale.edu,Garik,Ferre
lashbe8o@histats.com,Land,Ashbe
rkubczak8p@hostgator.com,Robers,Kubczak
alanfranconi8q@stanford.edu,Averil,Lanfranconi
ajosling8r@ehow.com,Alexandr,Josling
mpattini8s@si.edu,Moyna,Pattini
rgrint8t@miitbeian.gov.cn,Reuven,Grint
scutridge8u@dedecms.com,Suki,Cutridge
asanton8v@nationalgeographic.com,Angelita,Santon
jbrabben8w@vkontakte.ru,Jourdain,Brabben
cvossing8x@shareasale.com,Crosby,Vossing
mrizzardini8y@reference.com,Merell,Rizzardini
bsarvar8z@webeden.co.uk,Berton,Sarvar
ibucktharp90@miitbeian.gov.cn,Inger,Bucktharp
nlambal91@google.com.au,Nancie,Lambal
pwhinray92@senate.gov,Peggie,Whinray
ipredohl93@google.cn,Ian,Predohl
lhorbart94@abc.net.au,Lesya,Horbart
jkeson95@etsy.com,Jodie,Keson
jdibiasio96@yellowbook.com,Jabez,Di Biasio
ulosbie97@arstechnica.com,Udell,Losbie
jmayo98@cbslocal.com,Jeana,Mayo
alankester99@apple.com,Alexia,Lankester
sbarbe9a@cdc.gov,Stormie,Barbe
egarfitt9b@meetup.com,Esteban,Garfitt
pweale9c@i2i.jp,Philipa,Weale
rmcwaters9d@feedburner.com,Rasla,McWaters
tbattisson9e@ftc.gov,Teodoor,Battisson
namy9f@foxnews.com,Nisse,Amy
ppakes9g@nhs.uk,Pincas,Pakes
nkrikorian9h@jimdo.com,Nevin,Krikorian
jschukraft9i@time.com,Johannes,Schukraft
lsante9j@cargocollective.com,Lombard,Sante
rhaslam9k@umn.edu,Roldan,Haslam
erolfo9l@domainmarket.com,Eduardo,Rolfo
hleither9m@bloomberg.com,Hamid,Leither
mbaxstar9n@usnews.com,Madlin,Baxstar
hbarhams9o@admin.ch,Hermy,Barhams
cmckirdy9p@cnbc.com,Chandal,McKirdy
eeburne9q@macromedia.com,Elmore,Eburne
curridge9r@moonfruit.com,Christie,Urridge
schevins9s@xing.com,Sandi,Chevins
rfulbrook9t@digg.com,Raddy,Fulbrook
ehabert9u@businesswire.com,Editha,Habert
qshurlock9v@tmall.com,Quincy,Shurlock
nlazarus9w@shinystat.com,Neel,Lazarus
ykeniwell9x@parallels.com,Yardley,Keniwell
yeldred9y@sohu.com,Yolane,Eldred
bpaulig9z@cdbaby.com,Brooks,Paulig
rbrestona0@trellian.com,Rhonda,Breston
cgillsona1@goodreads.com,Consolata,Gillson
pdonoa2@vk.com,Prudence,Dono
ncattowa3@opera.com,Norene,Cattow
chazeldenea4@thetimes.co.uk,Cammie,Hazeldene
ibunneya5@disqus.com,Isabelle,Bunney
pswansona6@discuz.net,Pauli,Swanson
aantoniewicza7@wisc.edu,Ailene,Antoniewicz
snolia8@sitemeter.com,Stefan,Noli
gpfeffela9@paginegialle.it,Geoffry,Pfeffel
dbleazardaa@51.la,Deonne,Bleazard
vwybrewab@huffingtonpost.com,Vern,Wybrew
hallsupac@multiply.com,Harlan,Allsup
dscrynead@archive.org,Daryle,Scryne
gkharchinskiae@alexa.com,Gan,Kharchinski
spetkovicaf@prnewswire.com,Slade,Petkovic
mshilstoneag@mayoclinic.com,Marshal,Shilstone
cmugeah@sourceforge.net,Casey,Muge
tdjokovicai@people.com.cn,Thatch,Djokovic
amonketonaj@nbcnews.com,Alicia,Monketon
barkilak@printfriendly.com,Broderic,Arkil
mvosseal@bloglovin.com,Margarette,Vosse
panthonsenam@netscape.com,Phillis,Anthonsen
jbournean@trellian.com,Janot,Bourne
rgodlontonao@surveymonkey.com,Reggie,Godlonton
wdonneelyap@wordpress.org,Waiter,Donneely
zstennineaq@princeton.edu,Zebadiah,Stennine
ghandesar@bigcartel.com,Gerard,Handes
wbasilottaas@gnu.org,Wallie,Basilotta
pboagat@ox.ac.uk,Petronella,Boag
flabrenzau@illinois.edu,Field,Labrenz
kegertonav@rambler.ru,Karolina,Egerton
rrispinaw@friendfeed.com,Rickie,Rispin
cyetmanax@discuz.net,Chloette,Yetman
sderoeckay@alibaba.com,Samuele,De Roeck
hmishowaz@imgur.com,Harvey,Mishow
sgreslyb0@cpanel.net,Scot,Gresly
rphillisb1@so-net.ne.jp,Rowen,Phillis
wdensonb2@unicef.org,Warner,Denson
slampertb3@kickstarter.com,Selie,Lampert
twoodgerb4@blogger.com,Thorstein,Woodger
dtonkinsonb5@wired.com,Daffie,Tonkinson
ldobbieb6@jiathis.com,Lyssa,Dobbie
dstedeb7@geocities.com,Dean,Stede
sciccottiob8@imgur.com,Scarface,Ciccottio
nrisbridgeb9@blogger.com,Nikki,Risbridge
pdelatremoilleba@wikimedia.org,Peggi,de la Tremoille
tpemblebb@vistaprint.com,Terri-jo,Pemble
cparadebc@uiuc.edu,Candis,Parade
goldbd@reuters.com,Guillema,Old
avernerbe@51.la,Anatollo,Verner
trollinsonbf@fotki.com,Tim,Rollinson
skerkhambg@slate.com,Stacy,Kerkham
ddeaconsonbh@stanford.edu,Denis,Deaconson
vmonardbi@qq.com,Vanya,Monard
aekellbj@nsw.gov.au,Abdel,Ekell
nburnsbk@joomla.org,Nedi,Burns
kreditbl@accuweather.com,Kristian,Redit
bgreenstockbm@phoca.cz,Brian,Greenstock
mcopnarbn@wp.com,Myrtie,Copnar
npeadenbo@pen.io,Nixie,Peaden
ekeeffebp@sciencedirect.com,Essa,Keeffe
hbrasherbq@utexas.edu,Hamlin,Brasher
dwilemanbr@irs.gov,Danica,Wileman
lnasonbs@admin.ch,Lyn,Nason
qrastrickbt@imdb.com,Quincy,Rastrick
lfontanetbu@foxnews.com,Llywellyn,Fontanet
ceveringtonbv@pcworld.com,Carlynne,Everington
sfiggbw@apple.com,Sherlock,Figg
pscarrattbx@disqus.com,Paulo,Scarratt
mshervilleby@nifty.com,Merilee,Sherville
tridettbz@arizona.edu,Tim,Ridett
jhavikc0@tiny.cc,Jasmin,Havik
mgirkec1@examiner.com,Morten,Girke
hchesselc2@ovh.net,Hilary,Chessel
mkaplanc3@nature.com,Marthe,Kaplan
jcarolic4@vimeo.com,Jonie,Caroli
sklejinc5@flavors.me,Susi,Klejin
dsperwellc6@bravesites.com,Darby,Sperwell
asienec7@yolasite.com,Ameline,Siene
pmarjotc8@sbwire.com,Paquito,Marjot
mdesvignesc9@myspace.com,Marice,Desvignes
ceringeyca@jugem.jp,Cyrille,Eringey
sdocketcb@newsvine.com,Sadella,Docket
iswalteridgecc@topsy.com,Inez,Swalteridge
cfoskencd@wordpress.org,Cecil,Fosken
bthomannce@tiny.cc,Bambie,Thomann
csenussicf@meetup.com,Camellia,Senussi
etatemcg@phoca.cz,Evered,Tatem
rjosipovicch@nhs.uk,Russ,Josipovic
mebbuttci@yolasite.com,Mellie,Ebbutt
csmewingcj@economist.com,Cale,Smewing
cseemmondsck@tamu.edu,Cacilia,Seemmonds
pgabbcl@indiegogo.com,Palm,Gabb
jpeceycm@diigo.com,Julianna,Pecey
mheakercn@spiegel.de,Marcile,Heaker
agalbraethco@reddit.com,Alexis,Galbraeth
dpassbycp@pagesperso-orange.fr,Dorie,Passby
ashuttellcq@studiopress.com,Andonis,Shuttell
fbeerescr@home.pl,Fred,Beeres
gstoddardcs@barnesandnoble.com,Grange,Stoddard
ksawdyct@slashdot.org,Kassandra,Sawdy
pmcmillamcu@lulu.com,Pascale,McMillam
cedelercv@creativecommons.org,Celestyn,Edeler
iruspinecw@sitemeter.com,Ibbie,Ruspine
lcridlancx@lulu.com,Lorain,Cridlan
tpimmcy@senate.gov,Taddeo,Pimm
ctinmouthcz@github.io,Carlyle,Tinmouth
cmatuschekd0@yolasite.com,Colver,Matuschek
epeidrod1@google.nl,Emmalynn,Peidro
cscotterd2@biblegateway.com,Camellia,Scotter
asteaded3@google.co.jp,Alexander,Steade
dcalbaithed4@purevolume.com,Danit,Calbaithe
uhounsomd5@alibaba.com,Uriah,Hounsom
wwallworked6@mozilla.com,Wallis,Wallworke
hplewrightd7@icq.com,Hammad,Plewright
lmartinellod8@nifty.com,Loy,Martinello
rmccurlyed9@virginia.edu,Ranee,Mc Curlye
rkeransda@constantcontact.com,Rex,Kerans
rpedrodb@un.org,Ravi,Pedro
aschutterdc@zimbio.com,Aileen,Schutter
yleadbeatterdd@w3.org,Yetta,Leadbeatter
nskipseade@hibu.com,Nicol,Skipsea
ojeanesdf@ibm.com,Olympia,Jeanes
dpleacedg@163.com,Daron,Pleace
edambrosiodh@bandcamp.com,Emmie,D'Ambrosio
jwoodisondi@over-blog.com,Jania,Woodison
rfarnindj@deviantart.com,Row,Farnin
wcregeendk@jugem.jp,Winnie,Cregeen
pbarklydl@pen.io,Pepita,Barkly
malmonddm@instagram.com,Marjorie,Almond
lbarnardodn@nhs.uk,Lauralee,Barnardo
gheatondo@hatena.ne.jp,Gasparo,Heaton
bmarzelladp@vistaprint.com,Bert,Marzella
msmalleydq@altervista.org,Morris,Smalley
edymentdr@desdev.cn,Errick,Dyment
srunciemands@blogs.com,Sigfried,Runcieman
lyoelldt@aol.com,Lemar,Yoell
kslocomdu@wsj.com,Kerri,Slocom
smelvilledv@oaic.gov.au,Stanford,Melville
